Date,Adj Close,SMA_20,SMA_50,Return,Strategy1,Strategy4
2/01/2012 0:00,156.643,152.1183,150.47194,0,0,0
3/01/2012 0:00,156.643,152.5544,150.44286,0,0,0
4/01/2012 0:00,156.643,153.15405,150.39198,0,0,0
5/01/2012 0:00,156.643,153.68105,150.35564,0,0,0
6/01/2012 0:00,167.183,154.1717,150.26114,0.06511969,0.06511969,0.06511969
9/01/2012 0:00,169,155.04395,150.45014,0.010809694,0.010809694,0.010809694
10/01/2012 0:00,166.819,155.8617,150.76996,-0.012989323,-0.012989323,-0.012989323
11/01/2012 0:00,166.819,156.5704,151.08978,0,0,0
12/01/2012 0:00,166.819,157.29725,151.4314,0,0,0
13/01/2012 0:00,166.819,158.1695,151.8021,0,0,0
16/01/2012 0:00,161.731,158.91455,152.11464,-0.030974931,-0.030974931,-0.030974931
17/01/2012 0:00,162.822,159.55055,152.25274,0.006723118,0.006723118,0.006723118
18/01/2012 0:00,167.183,160.33195,152.41266,0.026431441,0.026431441,0.026431441
19/01/2012 0:00,167.183,160.8771,152.69614,0,0,0
20/01/2012 0:00,167.183,161.42225,153.05958,0,0,0
23/01/2012 0:00,167.183,161.94925,153.44482,0,0,0
24/01/2012 0:00,167.183,162.4944,153.75012,0,0,0
25/01/2012 0:00,167.183,163.0214,154.09902,0,0,0
26/01/2012 0:00,167.183,163.5484,154.48426,0,0,0
27/01/2012 0:00,167.183,164.0754,154.83316,0,0,0
30/01/2012 0:00,165.002,164.6024,155.23294,-0.013131426,-0.013131426,-0.013131426
31/01/2012 0:00,170.09,165.02035,155.61092,0.030370114,0.030370114,0.030370114
1/02/2012 0:00,171.181,165.6927,156.2433,0.006393768,0.006393768,0.006393768
2/02/2012 0:00,180.267,166.4196,156.98472,0.051717609,0.051717609,0.051717609
3/02/2012 0:00,178.086,167.6008,157.9224,-0.012172505,-0.012172505,-0.012172505
6/02/2012 0:00,175.179,168.14595,158.7365,-0.016458271,-0.016458271,-0.016458271
7/02/2012 0:00,176.996,168.4549,159.3907,0.010318825,0.010318825,0.010318825
8/02/2012 0:00,181.721,168.96375,160.00128,0.02634541,0.02634541,0.02634541
9/02/2012 0:00,180.63,169.70885,160.66276,-0.006021804,-0.006021804,-0.006021804
10/02/2012 0:00,178.45,170.3994,161.237,-0.01214229,-0.01214229,-0.01214229
13/02/2012 0:00,180.267,170.98095,161.84032,0.010130635,0.010130635,0.010130635
14/02/2012 0:00,180.63,171.90775,162.48724,0.002011655,0.002011655,0.002011655
15/02/2012 0:00,180.267,172.79815,163.20684,-0.002011655,-0.002011655,-0.002011655
16/02/2012 0:00,173.725,173.45235,163.89012,-0.036965496,-0.036965496,-0.036965496
17/02/2012 0:00,173.725,173.77945,164.42802,0,0,0
20/02/2012 0:00,179.54,174.10655,164.90776,0.032924435,0.032924435,0.032924435
21/02/2012 0:00,180.63,174.7244,165.44566,0.006052716,0.006052716,0.006052716
22/02/2012 0:00,190.443,175.39675,166.00536,0.052902197,0.052902197,0.052902197
23/02/2012 0:00,188.989,176.55975,166.76858,-0.007664125,-0.007664125,-0.007664125
24/02/2012 0:00,187.536,177.65005,167.56088,-0.007717985,-0.007717985,-0.007717985
27/02/2012 0:00,187.536,178.6677,168.27324,0,0,0
28/02/2012 0:00,187.536,179.7944,169.04374,0,0,0
29/02/2012 0:00,200.619,180.6667,169.85058,0.06743676,0.06743676,0.06743676
1/03/2012 0:00,208.252,182.1386,170.73736,0.037341298,0.037341298,0.037341298
2/03/2012 0:00,208.252,183.53785,171.7768,0,0,0
5/03/2012 0:00,204.254,185.04615,172.80898,-0.019384567,-0.019384567,-0.019384567
6/03/2012 0:00,203.164,186.4999,173.76846,-0.005350783,-0.005350783,-0.005350783
7/03/2012 0:00,202.073,187.8083,174.69888,-0.005384516,-0.005384516,-0.005384516
8/03/2012 0:00,200.619,188.8259,175.60748,-0.007221431,-0.007221431,-0.007221431
9/03/2012 0:00,201.346,189.82535,176.487,0.003617234,0.003617234,0.003617234
12/03/2012 0:00,195.895,190.97015,177.38106,-0.02744602,-0.02744602,-0.02744602
13/03/2012 0:00,201.346,191.75155,178.1661,0.02744602,0.02744602,0.02744602
14/03/2012 0:00,204.981,192.78735,179.06016,0.017892471,0.017892471,0.017892471
15/03/2012 0:00,207.161,194.02305,180.02692,0.010578977,0.010578977,0.010578977
16/03/2012 0:00,202.073,195.69485,181.03728,-0.02486725,-0.02486725,-0.02486725
19/03/2012 0:00,203.89,197.11225,181.73508,0.008951614,0.008951614,0.008951614
20/03/2012 0:00,204.981,198.32975,182.43288,0.005336659,0.005336659,0.005336659
21/03/2012 0:00,203.527,199.5473,183.19612,-0.007118618,-0.007118618,-0.007118618
22/03/2012 0:00,203.89,200.2015,183.93028,0.001781959,0.001781959,0.001781959
23/03/2012 0:00,206.798,200.94655,184.6717,0.014161839,0.014161839,0.014161839
26/03/2012 0:00,203.527,201.90965,185.47128,-0.015943797,-0.015943797,-0.015943797
27/03/2012 0:00,204.254,202.7092,186.3072,0.003565643,0.003565643,0.003565643
28/03/2012 0:00,203.89,203.5451,187.13584,-0.001783685,-0.001783685,-0.001783685
29/03/2012 0:00,202.073,203.70865,187.86998,-0.008951614,-0.008951614,-0.008951614
30/03/2012 0:00,202.437,203.3997,188.56778,0.001799709,0.001799709,0.001799709
2/04/2012 0:00,201.346,203.10895,189.27286,-0.005403906,-0.005403906,-0.005403906
3/04/2012 0:00,197.712,202.96355,189.95612,-0.018213395,-0.018213395,-0.018213395
4/04/2012 0:00,197.712,202.69095,190.5667,0,0,0
5/04/2012 0:00,195.168,202.4729,191.17728,-0.0129507,-0.0129507,-0.0129507
6/04/2012 0:00,200.619,202.20035,191.73698,0.027546861,0.027546861,0.027546861
9/04/2012 0:00,195.531,202.164,192.4057,-0.025688652,-0.025688652,-0.025688652
10/04/2012 0:00,196.622,202.1458,193.01628,0.005564169,0.005564169,0.005564169
11/04/2012 0:00,196.985,201.9096,193.54692,0.00184448,0.00184448,0.00184448
12/04/2012 0:00,196.985,201.5098,194.063,0,0,0
13/04/2012 0:00,201.346,201.001,194.39736,0.021897237,0.021897237,0.021897237
16/04/2012 0:00,199.529,200.96465,194.86256,-0.009065232,-0.009065232,-0.009065232
17/04/2012 0:00,197.712,200.7466,195.34956,-0.009148163,-0.009148163,-0.009148163
18/04/2012 0:00,204.254,200.38315,195.76388,0.032552891,0.032552891,0.032552891
19/04/2012 0:00,206.798,200.4195,196.21454,0.012378154,0.012378154,0.012378154
20/04/2012 0:00,198.439,200.5649,196.7379,-0.041260723,-0.041260723,-0.041260723
23/04/2012 0:00,203.164,200.14695,197.13768,0.023531787,0.023531787,0.023531787
24/04/2012 0:00,200.619,200.1288,197.59562,-0.012605948,-0.012605948,-0.012605948
25/04/2012 0:00,208.615,199.94705,197.9954,0.039082861,0.039082861,0.039082861
26/04/2012 0:00,209.342,200.1833,198.56236,0.00347883,0.00347883,0.00347883
27/04/2012 0:00,214.067,200.54675,199.2747,0.022319772,0.022319772,0.022319772
30/04/2012 0:00,214.43,201.12825,200.08154,0.001694295,0.001694295,0.001694295
1/05/2012 0:00,214.43,201.78245,200.77934,0,0,0
2/05/2012 0:00,229.331,202.61835,201.45534,0.06718303,0.06718303,0.06718303
3/05/2012 0:00,224.97,204.1993,202.2331,-0.019199315,-0.019199315,-0.019199315
4/05/2012 0:00,231.149,205.6894,202.95272,0.027095464,0.027095464,0.027095464
7/05/2012 0:00,225.697,207.2159,203.82498,-0.023869132,-0.023869132,-0.023869132
8/05/2012 0:00,236.237,208.7242,204.5882,0.045642147,0.045642147,0.045642147
9/05/2012 0:00,227.878,210.70495,205.56222,-0.03602514,-0.03602514,-0.03602514
10/05/2012 0:00,227.514,212.2496,206.1074,-0.001598623,-0.001598623,-0.001598623
11/05/2012 0:00,217.701,213.77605,206.49264,-0.044089213,-0.044089213,-0.044089213
14/05/2012 0:00,223.516,214.5938,206.68162,0.026360438,0.026360438,0.026360438
15/05/2012 0:00,225.333,215.79315,207.06686,0.008096308,0.008096308,0.008096308
16/05/2012 0:00,213.703,217.1742,207.51024,-0.052992107,-0.052992107,-0.052992107
17/05/2012 0:00,222.063,217.64665,207.74284,0.038373925,0.038373925,0.038373925
18/05/2012 0:00,215.157,218.4099,208.17172,-0.031593131,-0.031593131,-0.031593131
21/05/2012 0:00,216.247,219.2458,208.44794,0.005053279,0.005053279,0.005053279
22/05/2012 0:00,217.701,219.89995,208.85498,0.006701289,0.006701289,0.006701289
23/05/2012 0:00,206.071,220.75405,209.18208,-0.054901792,-0.054901792,-0.054901792
24/05/2012 0:00,206.071,220.62685,209.20388,0,0,0
25/05/2012 0:00,207.888,220.4633,209.18208,0.008778704,0.008778704,0.008778704
28/05/2012 0:00,208.252,220.15435,209.29838,0.001749412,0.001749412,0.001749412
29/05/2012 0:00,222.789,219.84545,209.38562,0.06747625,0.06747625,0.06747625
30/05/2012 0:00,219.518,220.2634,209.74178,-0.014790901,-0.014790901,-0.014790901
31/05/2012 0:00,217.338,219.77275,210.0616,-0.009980488,-0.009980488,-0.009980488
1/06/2012 0:00,207.888,219.39115,210.33056,-0.044454272,-0.044454272,-0.044454272
4/06/2012 0:00,204.254,218.2281,210.35236,-0.017635156,-0.017635156,-0.017635156
5/06/2012 0:00,211.523,217.15595,210.3669,0.034969422,0.034969422,0.034969422
6/06/2012 0:00,216.974,215.92025,210.51228,0.025443791,0.025443791,0.025443791
7/06/2012 0:00,211.523,215.37505,210.77396,-0.025443791,-0.025443791,-0.025443791
8/06/2012 0:00,208.615,214.5755,210.96296,-0.013843292,-0.013843292,-0.013843292
11/06/2012 0:00,212.976,214.1212,211.08652,0.020689035,0.020689035,0.020689035
12/06/2012 0:00,210.432,213.5942,211.31912,-0.012016923,-0.012016923,-0.012016923
13/06/2012 0:00,212.613,212.84915,211.57352,0.010311051,0.010311051,0.010311051
14/06/2012 0:00,211.159,212.79465,211.87154,-0.006862208,-0.006862208,-0.006862208
15/06/2012 0:00,210.069,212.24945,212.19136,-0.005175356,-0.005175356,-0.005175356
18/06/2012 0:00,215.884,211.99505,212.38036,0.027305178,0,-0.027305178
19/06/2012 0:00,216.611,211.9769,212.78742,0.003361892,0,-0.003361892
20/06/2012 0:00,216.974,211.9224,213.1872,0.001674413,0,-0.001674413
21/06/2012 0:00,214.43,212.46755,213.58698,-0.011794186,0,0.011794186
22/06/2012 0:00,204.617,212.8855,213.93588,-0.046843406,0,0.046843406
25/06/2012 0:00,200.256,212.72195,214.0013,-0.021543391,0,0.021543391
26/06/2012 0:00,199.893,212.32215,214.01584,-0.001814325,0,0.001814325
27/06/2012 0:00,204.981,211.17735,214.05946,0.025135069,0,-0.025135069
28/06/2012 0:00,196.258,210.4505,214.074,-0.043487172,0,0.043487172
29/06/2012 0:00,197.349,209.3965,213.8632,0.005543615,0,-0.005543615
2/07/2012 0:00,199.166,208.86955,213.8414,0.009164913,0,-0.009164913
3/07/2012 0:00,202.073,208.61515,213.76144,0.01449037,0,-0.01449037
4/07/2012 0:00,201.71,208.14265,213.79052,-0.001797996,0,0.001797996
5/07/2012 0:00,203.527,207.37945,213.65242,0.008967652,0,-0.008967652
6/07/2012 0:00,200.619,206.97965,213.53612,-0.014391087,0,0.014391087
9/07/2012 0:00,192.624,206.57985,213.26716,-0.040667485,0,0.040667485
10/07/2012 0:00,192.624,205.56225,212.83104,0,0,0
11/07/2012 0:00,192.624,204.67185,212.39492,0,0,0
12/07/2012 0:00,188.626,203.6724,211.66078,-0.020973884,0,0.020973884
13/07/2012 0:00,190.08,202.54575,210.9339,0.007678818,0,-0.007678818
16/07/2012 0:00,191.17,201.5463,210.11252,0.005718048,0,-0.005718048
17/07/2012 0:00,194.804,200.3106,209.42198,0.01883084,0,-0.01883084
18/07/2012 0:00,188.989,199.22025,208.59332,-0.030305113,0,0.030305113
19/07/2012 0:00,195.168,197.821,207.81554,0.032171914,0,-0.032171914
20/07/2012 0:00,196.258,196.8579,207.16862,0.005569394,0,-0.005569394
23/07/2012 0:00,193.351,196.43995,206.73976,-0.01492293,0,0.01492293
24/07/2012 0:00,191.897,196.0947,206.13646,-0.00754842,0,0.00754842
25/07/2012 0:00,194.441,195.6949,205.46774,0.013170005,0,-0.013170005
26/07/2012 0:00,195.895,195.1679,205.0825,0.007450026,0,-0.007450026
27/07/2012 0:00,203.527,195.14975,204.55914,0.038219873,0,-0.038219873
30/07/2012 0:00,202.8,195.45865,204.32654,-0.003578402,0,0.003578402
31/07/2012 0:00,202.437,195.64035,204.0576,-0.001791545,0,0.001791545
1/08/2012 0:00,205.708,195.65855,203.75232,0.01602896,0,-0.01602896
2/08/2012 0:00,205.708,195.85845,203.74506,0,0,0
3/08/2012 0:00,200.619,195.9675,203.7378,-0.025050101,0,0.025050101
6/08/2012 0:00,200.983,195.9675,203.59242,0.00181274,0,-0.00181274
7/08/2012 0:00,202.437,196.38545,203.44704,0.0072084,0,-0.0072084
8/08/2012 0:00,210.105,196.8761,203.04,0.037178679,0,-0.037178679
9/08/2012 0:00,212.405,197.75015,202.85174,0.010887424,0,-0.010887424
10/08/2012 0:00,211.638,198.9391,202.75308,-0.003617562,0,0.003617562
13/08/2012 0:00,213.939,200.017,202.82808,0.01081366,0,-0.01081366
14/08/2012 0:00,220.84,201.15545,203.02178,0.03174753,0,-0.03174753
15/08/2012 0:00,218.54,202.45725,203.20812,-0.010469393,0,0.010469393
16/08/2012 0:00,225.441,203.9348,203.23944,0.03108942,0.03108942,0.03108942
17/08/2012 0:00,222.374,205.44845,203.5178,-0.013697835,-0.013697835,-0.013697835
20/08/2012 0:00,218.923,206.75425,203.79298,-0.015640579,-0.015640579,-0.015640579
21/08/2012 0:00,220.457,208.03285,203.91192,0.006982595,0.006982595,0.006982595
22/08/2012 0:00,222.374,209.46085,204.11242,0.008657985,0.008657985,0.008657985
23/08/2012 0:00,222.374,210.8575,204.30764,0,0,0
24/08/2012 0:00,215.472,212.18145,204.53194,-0.031529678,-0.031529678,-0.031529678
27/08/2012 0:00,214.322,212.7787,204.64,-0.005351414,-0.005351414,-0.005351414
28/08/2012 0:00,208.571,213.3548,204.60876,-0.027200046,-0.027200046,-0.027200046
29/08/2012 0:00,211.255,213.6615,204.44796,0.012786424,0.012786424,0.012786424
30/08/2012 0:00,225.824,213.93885,204.33358,0.06669,0.06669,0.06669
31/08/2012 0:00,229.275,214.94465,204.56146,0.015166222,0.015166222,0.015166222
3/09/2012 0:00,231.575,216.37745,205.05462,0.009981639,0.009981639,0.009981639
4/09/2012 0:00,232.726,217.90705,205.681,0.004958001,0.004958001,0.004958001
5/09/2012 0:00,228.891,219.4215,206.33766,-0.016615888,-0.016615888,-0.016615888
6/09/2012 0:00,226.208,220.3608,206.81586,-0.011790978,-0.011790978,-0.011790978
7/09/2012 0:00,233.109,221.05095,207.41486,0.030051225,0.030051225,0.030051225
10/09/2012 0:00,231.575,222.1245,208.13006,-0.00660236,-0.00660236,-0.00660236
11/09/2012 0:00,228.891,223.0063,208.77824,-0.011657887,-0.011657887,-0.011657887
12/09/2012 0:00,234.643,223.40885,209.3146,0.024819302,0.024819302,0.024819302
13/09/2012 0:00,241.544,224.214,209.97326,0.028986441,0.028986441,0.028986441
14/09/2012 0:00,241.544,225.01915,210.7336,0,0,0
17/09/2012 0:00,243.844,225.97765,211.5521,0.009477025,0.009477025,0.009477025
18/09/2012 0:00,243.077,227.2237,212.5765,-0.003150411,-0.003150411,-0.003150411
19/09/2012 0:00,243.461,228.3547,213.58556,0.0015785,0.0015785,0.0015785
20/09/2012 0:00,240.777,229.40905,214.6023,-0.011085572,-0.011085572,-0.011085572
21/09/2012 0:00,236.176,230.3292,215.64532,-0.019293904,-0.019293904,-0.019293904
24/09/2012 0:00,236.943,231.3644,216.56724,0.003242316,0.003242316,0.003242316
25/09/2012 0:00,241.927,232.49545,217.4827,0.020816422,0.020816422,0.020816422
26/09/2012 0:00,240.01,234.16325,218.42516,-0.007955439,-0.007955439,-0.007955439
27/09/2012 0:00,244.994,235.601,219.44558,0.020553131,0.020553131,0.020553131
28/09/2012 0:00,244.228,236.5595,220.4421,-0.003131505,-0.003131505,-0.003131505
1/10/2012 0:00,241.927,237.30715,221.4015,-0.009466187,-0.009466187,-0.009466187
2/10/2012 0:00,240.01,237.82475,222.37302,-0.007955439,-0.007955439,-0.007955439
3/10/2012 0:00,239.243,238.18895,223.33528,-0.003200817,-0.003200817,-0.003200817
4/10/2012 0:00,236.56,238.70655,224.23132,-0.011277896,-0.011277896,-0.011277896
5/10/2012 0:00,234.643,239.22415,225.04462,-0.008136665,-0.008136665,-0.008136665
8/10/2012 0:00,235.409,239.30085,225.66694,0.003259217,0.003259217,0.003259217
9/10/2012 0:00,230.042,239.49255,226.31912,-0.023062526,-0.023062526,-0.023062526
10/10/2012 0:00,230.042,239.5501,226.87122,0,0,0
11/10/2012 0:00,222.757,239.32005,227.3579,-0.03218041,-0.03218041,-0.03218041
12/10/2012 0:00,226.208,238.3807,227.69888,0.015373439,0.015373439,0.015373439
15/10/2012 0:00,227.358,237.6139,228.21066,0.005070938,0.005070938,0.005070938
16/10/2012 0:00,230.042,236.7896,228.73816,0.011736033,0.011736033,0.011736033
17/10/2012 0:00,230.809,236.13785,229.29026,0.003328628,0.003328628,0.003328628
18/10/2012 0:00,226.208,235.50525,229.70434,-0.020135599,-0.020135599,-0.020135599
19/10/2012 0:00,233.492,234.7768,229.9804,0.031692885,0.031692885,0.031692885
22/10/2012 0:00,233.876,234.6426,230.41748,0.001643245,0.001643245,0.001643245
23/10/2012 0:00,234.259,234.48925,230.81622,0.00163628,0.00163628,0.00163628
24/10/2012 0:00,232.342,234.10585,231.0846,-0.008216917,-0.008216917,-0.008216917
25/10/2012 0:00,237.71,233.72245,231.36064,0.022841019,0.022841019,0.022841019
26/10/2012 0:00,237.326,233.35825,231.60602,-0.00161672,-0.00161672,-0.00161672
29/10/2012 0:00,240.01,233.01315,231.90506,0.011245866,0.011245866,0.011245866
30/10/2012 0:00,243.461,232.9173,232.3268,0.014276176,0.014276176,0.014276176
31/10/2012 0:00,240.01,233.08985,232.78688,-0.014276176,-0.014276176,-0.014276176
1/11/2012 0:00,240.01,233.1282,233.1396,0,0,0
2/11/2012 0:00,235.793,233.3007,233.49232,-0.017726288,0,0.017726288
5/11/2012 0:00,238.093,233.3582,233.89874,0.009707052,0,-0.009707052
6/11/2012 0:00,240.01,233.4924,234.37416,0.008019235,0,-0.008019235
7/11/2012 0:00,240.777,233.9908,235.00294,0.003190605,0,-0.003190605
8/11/2012 0:00,239.243,234.52755,235.59338,-0.006391422,0,0.006391422
9/11/2012 0:00,245.761,235.35185,235.86176,0.026879747,0,-0.026879747
12/11/2012 0:00,243.461,236.3295,236.19148,-0.009402754,-0.009402754,-0.009402754
13/11/2012 0:00,241.544,237.13465,236.4292,-0.007905114,-0.007905114,-0.007905114
14/11/2012 0:00,240.777,237.70975,236.60556,-0.003180457,-0.003180457,-0.003180457
15/11/2012 0:00,238.477,238.20815,236.84328,-0.009598324,-0.009598324,-0.009598324
16/11/2012 0:00,236.56,238.8216,237.08866,-0.008070994,-0.008070994,-0.008070994
19/11/2012 0:00,235.793,238.975,237.15768,-0.003247574,-0.003247574,-0.003247574
20/11/2012 0:00,236.176,239.07085,237.24204,0.001622988,0.001622988,0.001622988
21/11/2012 0:00,237.71,239.1667,237.38774,0.006474154,0.006474154,0.006474154
22/11/2012 0:00,240.777,239.4351,237.44908,0.012819751,0.012819751,0.012819751
23/11/2012 0:00,243.844,239.58845,237.43374,0.012657483,0.012657483,0.012657483
26/11/2012 0:00,243.077,239.91435,237.47974,-0.003150411,-0.003150411,-0.003150411
27/11/2012 0:00,239.627,240.0677,237.4644,-0.014294718,-0.014294718,-0.014294718
28/11/2012 0:00,239.627,239.876,237.3954,0,0,0
29/11/2012 0:00,241.927,239.85685,237.31872,0.00955248,0.00955248,0.00955248
30/11/2012 0:00,245.761,239.9527,237.34172,0.015723491,0.015723491,0.015723491
3/12/2012 0:00,244.228,240.4511,237.53342,-0.006257304,-0.006257304,-0.006257304
4/12/2012 0:00,245.378,240.75785,237.67912,0.004697663,0.004697663,0.004697663
5/12/2012 0:00,243.844,241.02625,237.74814,-0.006271202,-0.006271202,-0.006271202
6/12/2012 0:00,240.01,241.1796,237.82482,-0.015848087,-0.015848087,-0.015848087
7/12/2012 0:00,241.16,241.21795,237.72514,0.004780024,0.004780024,0.004780024
10/12/2012 0:00,240.01,240.9879,237.66378,-0.004780024,-0.004780024,-0.004780024
11/12/2012 0:00,240.394,240.81535,237.62544,0.001598655,0.001598655,0.001598655
12/12/2012 0:00,245.378,240.75785,237.63312,0.020520635,0.020520635,0.020520635
13/12/2012 0:00,256.496,240.9879,237.75582,0.044313191,0.044313191,0.044313191
14/12/2012 0:00,256.88,241.88885,238.15454,0.00149598,0.00149598,0.00149598
17/12/2012 0:00,256.496,242.90485,238.59928,-0.00149598,-0.00149598,-0.00149598
18/12/2012 0:00,257.263,243.94,239.02102,0.002985838,0.002985838,0.002985838
19/12/2012 0:00,251.512,244.99435,239.56544,-0.022608206,-0.022608206,-0.022608206
20/12/2012 0:00,249.212,245.68445,239.99484,-0.009186762,-0.009186762,-0.009186762
21/12/2012 0:00,245.761,246.1062,240.52394,-0.013944421,-0.013944421,-0.013944421
24/12/2012 0:00,244.611,246.20205,240.915,-0.004690325,-0.004690325,-0.004690325
25/12/2012 0:00,248.445,246.27875,241.26006,0.015552299,0.015552299,0.015552299
26/12/2012 0:00,247.678,246.71965,241.62812,-0.003091978,-0.003091978,-0.003091978
27/12/2012 0:00,247.678,247.1222,241.9655,0,0,0
28/12/2012 0:00,250.362,247.40975,242.3949,0.010778355,0.010778355,0.010778355
31/12/2012 0:00,250.362,247.6398,242.7323,0,0,0
1/01/2013 0:00,250.362,247.9465,243.06202,0,0,0
2/01/2013 0:00,251.896,248.1957,243.38408,0.006108433,0.006108433,0.006108433
3/01/2013 0:00,250.362,248.5983,243.77516,-0.006108433,-0.006108433,-0.006108433
4/01/2013 0:00,244.994,249.1159,244.0282,-0.02167415,-0.02167415,-0.02167415
7/01/2013 0:00,244.611,249.3076,244.18156,-0.001564527,-0.001564527,-0.001564527
8/01/2013 0:00,249.212,249.53765,244.27358,0.018634746,0.018634746,0.018634746
9/01/2013 0:00,246.145,249.97855,244.3886,-0.012383147,-0.012383147,-0.012383147
10/01/2013 0:00,255.346,250.0169,244.5113,0.036698695,0.036698695,0.036698695
11/01/2013 0:00,256.88,249.9594,244.81802,0.005989562,0.005989562,0.005989562
14/01/2013 0:00,255.346,249.9594,245.23976,-0.005989562,-0.005989562,-0.005989562
15/01/2013 0:00,252.279,249.9019,245.58482,-0.01208387,-0.01208387,-0.01208387
16/01/2013 0:00,246.911,249.6527,245.8302,-0.02150767,-0.02150767,-0.02150767
17/01/2013 0:00,248.062,249.42265,245.95288,0.004650767,0.004650767,0.004650767
18/01/2013 0:00,253.046,249.36515,246.12926,0.019892575,0.019892575,0.019892575
21/01/2013 0:00,256.88,249.7294,246.27496,0.015037759,0.015037759,0.015037759
22/01/2013 0:00,258.414,250.34285,246.54334,0.0059539,0.0059539,0.0059539
23/01/2013 0:00,254.963,250.8413,246.88074,-0.013444513,-0.013444513,-0.013444513
24/01/2013 0:00,256.88,251.20555,247.16446,0.007490613,0.007490613,0.007490613
25/01/2013 0:00,258.797,251.66565,247.53252,0.007434921,0.007434921,0.007434921
28/01/2013 0:00,259.947,252.0874,247.97726,0.004433793,0.004433793,0.004433793
29/01/2013 0:00,260.714,252.56665,248.46034,0.002946257,0.002946257,0.002946257
30/01/2013 0:00,257.263,253.08425,248.9511,-0.013325113,-0.013325113,-0.013325113
31/01/2013 0:00,259.18,253.3526,249.34216,0.007423893,0.007423893,0.007423893
1/02/2013 0:00,261.097,253.7935,249.71022,0.007369185,0.007369185,0.007369185
4/02/2013 0:00,263.781,254.59865,250.05528,0.010227228,0.010227228,0.010227228
5/02/2013 0:00,266.082,255.55715,250.46936,0.008685319,0.008685319,0.008685319
6/02/2013 0:00,272.983,256.40065,250.99846,0.02560499,0.02560499,0.02560499
7/02/2013 0:00,272.983,257.74255,251.66558,0,0,0
8/02/2013 0:00,272.983,258.6244,252.2867,0,0,0
11/02/2013 0:00,272.983,259.42955,252.83114,0,0,0
12/02/2013 0:00,272.983,260.3114,253.40624,0,0,0
13/02/2013 0:00,272.983,261.3466,253.95834,0,0,0
14/02/2013 0:00,272.983,262.6502,254.54112,0,0,0
15/02/2013 0:00,272.983,263.89625,255.20058,0,0,0
18/02/2013 0:00,276.05,264.8931,255.83704,0.011172487,0.011172487,0.011172487
19/02/2013 0:00,272.216,265.8516,256.55784,-0.01398614,-0.01398614,-0.01398614
20/02/2013 0:00,272.599,266.5417,257.19428,0.001405982,0.001405982,0.001405982
21/02/2013 0:00,270.299,267.4235,257.7387,-0.008473097,-0.008473097,-0.008473097
22/02/2013 0:00,270.299,268.09445,258.01476,0,0,0
25/02/2013 0:00,268.382,268.66955,258.28314,-0.007117415,-0.007117415,-0.007117415
26/02/2013 0:00,267.615,269.0913,258.52086,-0.002861958,-0.002861958,-0.002861958
27/02/2013 0:00,276.05,269.43635,258.7279,0.031032628,0.031032628,0.031032628
28/02/2013 0:00,276.05,270.3757,259.21866,0,0,0
1/03/2013 0:00,281.034,271.2192,259.75542,0.01789365,0.01789365,0.01789365
4/03/2013 0:00,281.801,272.21605,260.46088,0.00272549,0.00272549,0.00272549
5/03/2013 0:00,289.086,273.11705,261.20468,0.025523074,0.025523074,0.025523074
6/03/2013 0:00,282.184,274.26725,262.0175,-0.024164881,-0.024164881,-0.024164881
7/03/2013 0:00,273.366,274.7273,262.70762,-0.031747784,-0.031747784,-0.031747784
8/03/2013 0:00,271.833,274.74645,263.22138,-0.005623649,-0.005623649,-0.005623649
11/03/2013 0:00,268.382,274.68895,263.6508,-0.012776568,-0.012776568,-0.012776568
12/03/2013 0:00,269.916,274.4589,264.0112,0.005699461,0.005699461,0.005699461
13/03/2013 0:00,264.548,274.30555,264.40228,-0.02008809,-0.02008809,-0.02008809
14/03/2013 0:00,266.848,273.8838,264.65532,0.008656499,0.008656499,0.008656499
15/03/2013 0:00,266.082,273.57705,264.98504,-0.002874676,-0.002874676,-0.002874676
18/03/2013 0:00,263.014,273.232,265.4068,-0.011597269,-0.011597269,-0.011597269
19/03/2013 0:00,270.682,272.5802,265.77486,0.028737437,0.028737437,0.028737437
20/03/2013 0:00,269.916,272.5035,266.20426,-0.002833901,-0.002833901,-0.002833901
21/03/2013 0:00,269.916,272.36935,266.67968,0,0,0
22/03/2013 0:00,265.698,272.3502,266.97108,-0.015750474,-0.015750474,-0.015750474
25/03/2013 0:00,265.698,272.12015,267.14744,0,0,0
26/03/2013 0:00,270.682,271.98595,267.35448,0.018584375,0.018584375,0.018584375
27/03/2013 0:00,275.667,272.1393,267.72254,0.018248915,0.018248915,0.018248915
28/03/2013 0:00,272.599,272.12015,268.29766,-0.011191765,-0.011191765,-0.011191765
29/03/2013 0:00,274.133,271.9476,268.7884,0.005611539,0.005611539,0.005611539
1/04/2013 0:00,272.216,271.60255,269.21014,-0.007017521,-0.007017521,-0.007017521
2/04/2013 0:00,268.382,271.1233,269.51686,-0.01418453,-0.01418453,-0.01418453
3/04/2013 0:00,267.999,270.0881,269.71622,-0.00142809,-0.00142809,-0.00142809
4/04/2013 0:00,267.999,269.37885,269.97694,0,0,0
5/04/2013 0:00,267.999,269.1105,270.19932,0,0,0
8/04/2013 0:00,260.331,268.9188,270.38336,-0.029029351,0,0.029029351
9/04/2013 0:00,260.714,268.51625,270.39104,0.001470123,0,-0.001470123
10/04/2013 0:00,261.481,268.05615,270.39104,0.002937602,0,-0.002937602
11/04/2013 0:00,263.781,267.9028,270.4754,0.00875759,0,-0.00875759
12/04/2013 0:00,249.212,267.74945,270.56742,-0.056815274,0,0.056815274
15/04/2013 0:00,237.71,266.90595,270.32972,-0.047252497,0,0.047252497
16/04/2013 0:00,246.911,265.64075,269.8083,0.037976504,0,-0.037976504
17/04/2013 0:00,249.979,264.4522,269.42488,0.012348967,0,-0.012348967
18/04/2013 0:00,248.445,263.45535,268.9648,-0.006155421,0,0.006155421
19/04/2013 0:00,251.896,262.3818,268.47404,0.013794811,0,-0.013794811
22/04/2013 0:00,253.046,261.6917,268.0523,0.004554986,0,-0.004554986
23/04/2013 0:00,256.496,261.0591,267.65356,0.01354178,0,-0.01354178
24/04/2013 0:00,255.73,260.3498,267.32382,-0.00299087,0,0.00299087
25/04/2013 0:00,256.88,259.35295,266.97876,0.004486849,0,-0.004486849
26/04/2013 0:00,249.212,258.567,266.6567,-0.03030511,0,0.03030511
29/04/2013 0:00,254.196,257.32095,266.18128,0.019801683,0,-0.019801683
30/04/2013 0:00,263.398,256.41995,265.7442,0.035560573,0,-0.035560573
1/05/2013 0:00,263.398,256.17075,265.56784,0,0,0
2/05/2013 0:00,262.631,255.9407,265.38382,-0.002916191,0,0.002916191
3/05/2013 0:00,264.548,255.6723,265.23046,0.007272704,0,-0.007272704
6/05/2013 0:00,274.9,255.49975,265.11544,0.038384686,0,-0.038384686
7/05/2013 0:00,267.615,256.2282,265.2458,-0.026858015,0,0.026858015
8/05/2013 0:00,266.848,256.57325,265.2458,-0.002870173,0,0.002870173
9/05/2013 0:00,267.615,256.8416,265.06176,0.002870173,0,-0.002870173
10/05/2013 0:00,265.315,257.0333,264.89306,-0.008631581,0,0.008631581
13/05/2013 0:00,259.947,257.83845,264.57868,-0.020440035,0,0.020440035
14/05/2013 0:00,258.03,258.9503,264.1416,-0.007401907,0,0.007401907
15/05/2013 0:00,260.714,259.50625,263.52048,0.010348164,0,-0.010348164
16/05/2013 0:00,266.082,260.043,263.09108,0.020380511,0,-0.020380511
17/05/2013 0:00,270.682,260.92485,262.9454,0.017140168,0,-0.017140168
20/05/2013 0:00,266.848,261.86415,262.92238,-0.014265492,0,0.014265492
21/05/2013 0:00,267.232,262.55425,262.8917,0.001437987,0,-0.001437987
22/05/2013 0:00,266.465,263.09105,262.83802,-0.002874292,-0.002874292,-0.002874292
23/05/2013 0:00,264.548,263.6278,262.87636,-0.007220194,-0.007220194,-0.007220194
24/05/2013 0:00,261.864,264.0112,262.83036,-0.010197424,-0.010197424,-0.010197424
27/05/2013 0:00,264.548,264.6438,262.746,0.010197424,0.010197424,0.010197424
28/05/2013 0:00,263.014,265.1614,262.77668,-0.005815447,-0.005815447,-0.005815447
29/05/2013 0:00,264.548,265.1422,262.62332,0.005815447,0.005815447,0.005815447
30/05/2013 0:00,264.548,265.1997,262.51596,0,0,0
31/05/2013 0:00,253.429,265.29555,262.4086,-0.042939004,-0.042939004,-0.042939004
3/06/2013 0:00,249.979,264.7396,262.16322,-0.013706791,-0.013706791,-0.013706791
4/06/2013 0:00,250.362,263.49355,261.84884,0.001530956,0.001530956,0.001530956
5/06/2013 0:00,249.595,262.6309,261.44244,-0.003068266,-0.003068266,-0.003068266
6/06/2013 0:00,247.678,261.76825,260.921,-0.007710089,-0.007710089,-0.007710089
7/06/2013 0:00,241.16,260.7714,260.42258,-0.026668902,-0.026668902,-0.026668902
10/06/2013 0:00,247.295,259.56365,259.76312,0.025121342,0,-0.025121342
11/06/2013 0:00,240.777,258.93105,259.2647,-0.026710762,0,0.026710762
12/06/2013 0:00,240.777,258.0684,258.7126,0,0,0
13/06/2013 0:00,225.057,257.07155,258.16816,-0.06751749,0,0.06751749
14/06/2013 0:00,223.907,255.0203,257.30932,-0.005122916,0,0.005122916
17/06/2013 0:00,226.974,252.68155,256.42748,0.013604686,0,-0.013604686
18/06/2013 0:00,231.575,250.68785,255.76034,0.020068322,0,-0.020068322
19/06/2013 0:00,228.508,248.905,255.17756,-0.013332574,0,0.013332574
20/06/2013 0:00,227.741,247.00715,254.5181,-0.003362202,0,0.003362202
21/06/2013 0:00,231.959,245.1668,253.7973,0.018351614,0,-0.018351614
24/06/2013 0:00,223.14,243.67155,253.45224,-0.038761255,0,0.038761255
25/06/2013 0:00,220.073,241.60115,253.16084,-0.013840068,0,0.013840068
26/06/2013 0:00,220.84,239.4541,252.62408,0.003479148,0,-0.003479148
27/06/2013 0:00,208.955,237.2687,252.0413,-0.05531954,0,0.05531954
28/06/2013 0:00,197.836,234.48905,251.2515,-0.054680513,0,0.054680513
1/07/2013 0:00,203.97,231.7094,250.1703,0.03053452,0,-0.03053452
2/07/2013 0:00,198.986,229.40895,249.18878,-0.024738454,0,0.024738454
3/07/2013 0:00,195.535,226.84015,248.03858,-0.017495079,0,0.017495079
4/07/2013 0:00,196.686,224.13715,246.83468,0.005869157,0,-0.005869157
5/07/2013 0:00,202.437,221.58755,245.6308,0.028820179,0,-0.028820179
8/07/2013 0:00,198.603,219.6514,244.6953,-0.01912087,0,0.01912087
9/07/2013 0:00,200.136,217.2168,243.58344,0.007689278,0,-0.007689278
10/07/2013 0:00,200.903,215.18475,242.3182,0.003825069,0,-0.003825069
11/07/2013 0:00,201.286,213.19105,241.0683,0.001904578,0,-0.001904578
12/07/2013 0:00,206.271,212.0025,239.8414,0.024464056,0,-0.024464056
15/07/2013 0:00,209.338,211.1207,238.67586,0.014759332,0,-0.014759332
16/07/2013 0:00,212.789,210.2389,237.36462,0.016350894,0,-0.016350894
17/07/2013 0:00,208.955,209.2996,236.2681,-0.018182147,0,0.018182147
18/07/2013 0:00,202.437,208.32195,235.11024,-0.031690191,0,0.031690191
19/07/2013 0:00,205.887,207.05675,233.80668,0.016898748,0,-0.016898748
22/07/2013 0:00,205.121,205.75315,232.61812,-0.003727426,0,0.003727426
23/07/2013 0:00,210.872,204.8522,231.5216,0.027651265,0,-0.027651265
24/07/2013 0:00,210.872,204.39215,230.57844,0,0,0
25/07/2013 0:00,211.255,203.89375,229.5816,0.00181462,0,-0.00181462
26/07/2013 0:00,210.872,204.00875,228.48506,-0.00181462,0,0.00181462
29/07/2013 0:00,204.737,204.66055,227.28886,-0.029525086,0,0.029525086
30/07/2013 0:00,206.271,204.6989,226.04664,0.00746461,0,-0.00746461
31/07/2013 0:00,200.903,205.06315,224.82742,-0.026368634,0,0.026368634
1/08/2013 0:00,192.468,205.33155,223.51618,-0.042892298,0,0.042892298
2/08/2013 0:00,192.852,205.12065,222.07458,0.001993149,0,-0.001993149
5/08/2013 0:00,189.784,204.6414,220.69434,-0.016036472,0,0.016036472
6/08/2013 0:00,192.852,204.20045,219.19906,0.016036472,0,-0.016036472
7/08/2013 0:00,189.018,203.83625,217.79582,-0.020080807,0,0.020080807
8/08/2013 0:00,187.066,203.242,216.28522,-0.010380753,0,0.010380753
9/08/2013 0:00,182.078,202.531,214.73558,-0.027026329,0,0.027026329
12/08/2013 0:00,190.807,201.32135,213.30856,0.046827279,0,-0.046827279
13/08/2013 0:00,194.549,200.3948,212.12512,0.019421613,0,-0.019421613
14/08/2013 0:00,194.549,199.4828,211.00886,0,0,0
15/08/2013 0:00,199.537,198.7625,209.90794,0.025315623,0,-0.025315623
16/08/2013 0:00,202.447,198.6175,208.94512,0.014478441,0,-0.014478441
19/08/2013 0:00,202.031,198.4455,208.17086,-0.002056973,0,0.002056973
20/08/2013 0:00,202.447,198.291,207.26558,0.002056973,0,-0.002056973
21/08/2013 0:00,202.447,197.86975,206.49898,0,0,0
22/08/2013 0:00,192.47,197.4485,205.73238,-0.050537826,0,0.050537826
23/08/2013 0:00,195.796,196.50925,205.08064,0.017133003,0,-0.017133003
26/08/2013 0:00,194.133,195.75545,204.51842,-0.00852981,0,0.00852981
27/08/2013 0:00,194.964,195.22525,203.8616,0.004271435,0,-0.004271435
28/08/2013 0:00,194.133,194.6599,203.12938,-0.004271435,0,0.004271435
29/08/2013 0:00,197.874,194.3214,202.44188,0.019086973,0,-0.019086973
30/08/2013 0:00,198.29,194.5917,201.84454,0.002100141,0,-0.002100141
2/09/2013 0:00,197.043,194.8636,201.17116,-0.006308627,0,0.006308627
3/09/2013 0:00,200.369,195.22655,200.64922,0.016738688,0,-0.016738688
4/09/2013 0:00,198.706,195.6024,200.25514,-0.008334321,0,0.008334321
5/09/2013 0:00,203.278,196.0868,199.81246,0.022748155,0,-0.022748155
6/09/2013 0:00,199.121,196.8974,199.69892,-0.02066182,0,0.02066182
9/09/2013 0:00,198.706,197.74955,199.72462,-0.002086335,0,0.002086335
10/09/2013 0:00,202.031,198.1445,199.61934,0.016594806,0,-0.016594806
11/09/2013 0:00,199.537,198.5186,199.68024,-0.012421468,0,0.012421468
12/09/2013 0:00,199.121,198.768,199.76028,-0.002087003,0,0.002087003
13/09/2013 0:00,197.459,198.7472,199.80898,-0.008381712,0,0.008381712
16/09/2013 0:00,195.38,198.4978,199.70942,-0.010584588,0,0.010584588
17/09/2013 0:00,196.211,198.16525,199.64496,0.004244231,0,-0.004244231
18/09/2013 0:00,199.537,197.85345,199.56646,0.016809072,0,-0.016809072
20/09/2013 0:00,199.537,197.70795,199.53914,0,0,0
23/09/2013 0:00,199.537,198.0613,199.50416,0,0,0
24/09/2013 0:00,197.874,198.24835,199.36948,-0.008369218,0,0.008369218
25/09/2013 0:00,197.874,198.4354,199.1402,0,0,0
26/09/2013 0:00,197.874,198.5809,198.8419,0,0,0
27/09/2013 0:00,198.706,198.76795,198.62028,0.004195881,0.004195881,0.004195881
30/09/2013 0:00,195.796,198.80955,198.54566,-0.014753044,-0.014753044,-0.014753044
1/10/2013 0:00,195.38,198.68485,198.34384,-0.002126921,-0.002126921,-0.002126921
2/10/2013 0:00,190.807,198.6017,198.14902,-0.023683934,-0.023683934,-0.023683934
3/10/2013 0:00,191.639,198.1236,197.74772,0.004350948,0.004350948,0.004350948
4/10/2013 0:00,194.964,197.77025,197.36306,0.017201532,0.017201532,0.017201532
7/10/2013 0:00,191.639,197.35455,197.03724,-0.017201532,-0.017201532,-0.017201532
8/10/2013 0:00,195.38,196.98045,196.65258,0.019332986,0.019332986,0.019332986
9/10/2013 0:00,192.47,196.81415,196.46544,-0.015006083,-0.015006083,-0.015006083
10/10/2013 0:00,192.47,196.3361,196.18942,0,0,0
11/10/2013 0:00,184.572,195.98275,196.02076,-0.041900666,0,0.041900666
14/10/2013 0:00,173.764,195.2553,195.86284,-0.060341575,0,0.060341575
15/10/2013 0:00,175.426,194.07055,195.48108,0.009519245,0,-0.009519245
16/10/2013 0:00,173.764,193.07285,195.19392,-0.009519245,0,0.009519245
17/10/2013 0:00,178.752,191.9505,194.81216,0.028301314,0,-0.028301314
18/10/2013 0:00,184.572,190.91125,194.60684,0.032040261,0,-0.032040261
21/10/2013 0:00,181.246,190.163,194.55696,-0.018184407,0,0.018184407
22/10/2013 0:00,186.65,189.24845,194.54032,0.029379981,0,-0.029379981
23/10/2013 0:00,182.909,188.68725,194.45718,-0.020246444,0,0.020246444
24/10/2013 0:00,186.235,187.939,194.22438,0.018020556,0,-0.018020556
25/10/2013 0:00,189.145,187.35705,194.0581,0.0155046,0,-0.0155046
28/10/2013 0:00,191.223,186.879,193.85026,0.01092637,0,-0.01092637
29/10/2013 0:00,190.807,186.65035,193.62578,-0.00217784,0,0.00217784
30/10/2013 0:00,191.223,186.4217,193.4013,0.00217784,0,-0.00217784
31/10/2013 0:00,187.066,186.4425,193.17682,-0.021978791,0,0.021978791
1/11/2013 0:00,195.38,186.21385,192.8692,0.043484884,0,-0.043484884
4/11/2013 0:00,197.459,186.23465,192.9274,0.010584588,0,-0.010584588
5/11/2013 0:00,194.549,186.52565,192.96066,-0.014846909,0,0.014846909
6/11/2013 0:00,194.549,186.4841,192.96898,0,0,0
7/11/2013 0:00,189.56,186.58805,192.96068,-0.025978462,0,0.025978462
8/11/2013 0:00,187.066,186.44255,192.86922,-0.013244101,0,0.013244101
11/11/2013 0:00,187.897,186.56725,192.65306,0.004432445,0,-0.004432445
12/11/2013 0:00,188.729,187.2739,192.4452,0.004418183,0,-0.004418183
13/11/2013 0:00,185.403,187.93905,192.27892,-0.017780289,0,0.017780289
14/11/2013 0:00,187.066,188.521,191.9796,0.008929662,0,-0.008929662
15/11/2013 0:00,189.56,188.9367,191.7468,0.013244101,0,-0.013244101
18/11/2013 0:00,194.964,189.1861,191.47244,0.028109329,0,-0.028109329
19/11/2013 0:00,197.043,189.872,191.3893,0.010607053,0,-0.010607053
20/11/2013 0:00,197.459,190.39165,191.35604,0.002108989,0,-0.002108989
21/11/2013 0:00,197.043,191.11915,191.2646,-0.002108989,0,0.002108989
22/11/2013 0:00,202.447,191.65955,191.21472,0.027056145,0.027056145,0.027056145
25/11/2013 0:00,204.11,192.32465,191.28124,0.00818094,0.00818094,0.00818094
26/11/2013 0:00,204.11,192.969,191.41426,0,0,0
27/11/2013 0:00,207.435,193.63415,191.58886,0.016158973,0.016158973,0.016158973
28/11/2013 0:00,210.761,194.44475,191.81334,0.015906752,0.015906752,0.015906752
29/11/2013 0:00,216.581,195.6295,192.03782,0.027239821,0.027239821,0.027239821
2/12/2013 0:00,215.334,196.68955,192.3787,-0.0057743,-0.0057743,-0.0057743
3/12/2013 0:00,224.895,197.5833,192.69464,0.043443316,0.043443316,0.043443316
4/12/2013 0:00,219.491,199.1006,193.23506,-0.024322397,-0.024322397,-0.024322397
5/12/2013 0:00,219.907,200.3477,193.6674,0.0018935,0.0018935,0.0018935
6/12/2013 0:00,221.154,201.86505,194.10806,0.005654562,0.005654562,0.005654562
9/12/2013 0:00,221.569,203.56945,194.55702,0.001874762,0.001874762,0.001874762
10/12/2013 0:00,220.738,205.25305,195.07248,-0.003757576,-0.003757576,-0.003757576
11/12/2013 0:00,217.412,206.8535,195.57964,-0.015182307,-0.015182307,-0.015182307
12/12/2013 0:00,217.412,208.45395,196.11174,0,0,0
13/12/2013 0:00,218.659,209.97125,196.6272,0.005719268,0.005719268,0.005719268
16/12/2013 0:00,220.322,211.4262,197.1011,0.007576674,0.007576674,0.007576674
17/12/2013 0:00,230.715,212.6941,197.67476,0.04609307,0.04609307,0.04609307
18/12/2013 0:00,225.311,214.3777,198.38146,-0.023701513,-0.023701513,-0.023701513
19/12/2013 0:00,225.311,215.7703,199.03828,0,0,0
20/12/2013 0:00,227.805,217.1837,199.6951,0.01100833,0.01100833,0.01100833
23/12/2013 0:00,221.985,218.4516,200.55976,-0.025880188,-0.025880188,-0.025880188
24/12/2013 0:00,221.569,219.34535,201.52418,-0.001875759,-0.001875759,-0.001875759
25/12/2013 0:00,220.322,220.2183,202.44704,-0.005643941,-0.005643941,-0.005643941
26/12/2013 0:00,221.985,220.86265,203.3782,0.007519699,0.007519699,0.007519699
27/12/2013 0:00,222.816,221.42385,204.24286,0.003736507,0.003736507,0.003736507
30/12/2013 0:00,225.726,221.7356,205.00774,0.012975556,0.012975556,0.012975556
31/12/2013 0:00,222.816,222.2552,205.89734,-0.012975556,-0.012975556,-0.012975556
1/01/2014 0:00,222.816,222.15125,206.62066,0,0,0
2/01/2014 0:00,224.479,222.3175,207.4188,0.007435843,0.007435843,0.007435843
3/01/2014 0:00,224.479,222.5461,208.18368,0,0,0
6/01/2014 0:00,223.232,222.71235,208.89036,-0.005570572,-0.005570572,-0.005570572
7/01/2014 0:00,224.479,222.7955,209.53054,0.005570572,0.005570572,0.005570572
8/01/2014 0:00,232.793,222.98255,210.20398,0.036367485,0.036367485,0.036367485
9/01/2014 0:00,231.962,223.7516,211.03538,-0.003576082,-0.003576082,-0.003576082
10/01/2014 0:00,229.883,224.4791,211.9333,-0.009003081,-0.009003081,-0.009003081
13/01/2014 0:00,240.276,225.0403,212.62336,0.044217779,0.044217779,0.044217779
14/01/2014 0:00,241.107,226.038,213.4797,0.003452556,0.003452556,0.003452556
15/01/2014 0:00,239.029,226.5576,214.41086,-0.008655935,-0.008655935,-0.008655935
16/01/2014 0:00,238.613,227.2435,215.30046,-0.001741891,-0.001741891,-0.001741891
17/01/2014 0:00,237.782,227.9086,216.28152,-0.003488705,-0.003488705,-0.003488705
20/01/2014 0:00,239.445,228.40745,217.29584,0.006969458,0.006969458,0.006969458
21/01/2014 0:00,238.613,229.28045,218.3268,-0.003480753,-0.003480753,-0.003480753
22/01/2014 0:00,242.77,230.13265,219.32448,0.0172715,0.0172715,0.0172715
23/01/2014 0:00,242.77,231.25505,220.47182,0,0,0
24/01/2014 0:00,240.276,232.2943,221.5859,-0.01032623,-0.01032623,-0.01032623
27/01/2014 0:00,234.456,233.1673,222.60022,-0.024520326,-0.024520326,-0.024520326
28/01/2014 0:00,234.456,233.6038,223.39006,0,0,0
29/01/2014 0:00,234.456,234.1858,224.13832,0,0,0
30/01/2014 0:00,234.456,234.7678,224.87826,0,0,0
31/01/2014 0:00,234.456,235.26665,225.62652,0,0,0
3/02/2014 0:00,234.456,235.7655,226.2667,0,0,0
5/02/2014 0:00,232.378,236.3267,226.87362,-0.008902581,-0.008902581,-0.008902581
6/02/2014 0:00,230.299,236.72165,227.43898,-0.008986891,-0.008986891,-0.008986891
7/02/2014 0:00,232.793,236.59695,227.89626,0.010771182,0.010771182,0.010771182
10/02/2014 0:00,237.366,236.6385,228.3369,0.019453607,0.019453607,0.019453607
11/02/2014 0:00,236.119,237.01265,228.7526,-0.005267338,-0.005267338,-0.005267338
12/02/2014 0:00,241.107,236.8048,229.1683,0.020904903,0.020904903,0.020904903
13/02/2014 0:00,239.445,236.8048,229.49254,-0.006917073,-0.006917073,-0.006917073
14/02/2014 0:00,239.445,236.8256,229.89162,0,0,0
17/02/2014 0:00,237.782,236.8672,230.28238,-0.006969458,-0.006969458,-0.006969458
18/02/2014 0:00,243.602,236.8672,230.61494,0.024181458,0.024181458,0.024181458
19/02/2014 0:00,250.668,237.07505,231.0556,0.028593608,0.028593608,0.028593608
20/02/2014 0:00,244.849,237.6778,231.6542,-0.02348766,-0.02348766,-0.02348766
21/02/2014 0:00,246.096,237.78175,232.20294,0.00508001,0.00508001,0.00508001
24/02/2014 0:00,244.849,237.94805,232.77662,-0.00508001,-0.00508001,-0.00508001
25/02/2014 0:00,243.186,238.1767,233.30042,-0.006815111,-0.006815111,-0.006815111
26/02/2014 0:00,242.77,238.6132,233.7577,-0.00171209,-0.00171209,-0.00171209
27/02/2014 0:00,242.354,239.0289,233.9988,-0.001715026,-0.001715026,-0.001715026
28/02/2014 0:00,242.354,239.4238,234.33966,0,0,0
3/03/2014 0:00,239.86,239.8187,234.68052,-0.010344047,-0.010344047,-0.010344047
4/03/2014 0:00,239.445,240.0889,234.92162,-0.001731674,-0.001731674,-0.001731674
5/03/2014 0:00,235.288,240.33835,235.27082,-0.01751345,-0.01751345,-0.01751345
6/03/2014 0:00,236.535,240.48385,235.5452,0.005285893,0.005285893,0.005285893
7/03/2014 0:00,239.029,240.79565,235.86946,0.010488695,0.010488695,0.010488695
10/03/2014 0:00,235.288,241.10745,236.21034,-0.015774588,-0.015774588,-0.015774588
11/03/2014 0:00,237.782,241.00355,236.45978,0.010543992,0.010543992,0.010543992
12/03/2014 0:00,240.276,241.0867,236.7009,0.010433975,0.010433975,0.010433975
13/03/2014 0:00,239.86,241.04515,237.0501,-0.001732843,-0.001732843,-0.001732843
14/03/2014 0:00,242.77,241.0659,237.39098,0.012059073,0.012059073,0.012059073
17/03/2014 0:00,244.433,241.23215,237.7568,0.00682675,0.00682675,0.00682675
18/03/2014 0:00,244.849,241.5647,238.15588,0.001700451,0.001700451,0.001700451
19/03/2014 0:00,241.939,241.62705,238.58822,-0.011956066,-0.011956066,-0.011956066
20/03/2014 0:00,237.366,241.1906,238.93742,-0.019082375,-0.019082375,-0.019082375
21/03/2014 0:00,238.197,240.81645,239.02888,0.003494809,0.003494809,0.003494809
24/03/2014 0:00,239.445,240.4215,239.15358,0.005225683,0.005225683,0.005225683
25/03/2014 0:00,243.186,240.1513,239.34482,0.015502837,0.015502837,0.015502837
26/03/2014 0:00,244.433,240.1513,239.40302,0.00511466,0.00511466,0.00511466
27/03/2014 0:00,244.433,240.23445,239.46954,0,0,0
28/03/2014 0:00,249.421,240.3384,239.57762,0.020200989,0.020200989,0.020200989
31/03/2014 0:00,250.668,240.69175,239.79378,0.004987123,0.004987123,0.004987123
1/04/2014 0:00,254.41,241.23215,240.0515,0.014817784,0.014817784,0.014817784
2/04/2014 0:00,255.241,241.9804,240.3508,0.003261058,0.003261058,0.003261058
3/04/2014 0:00,252.331,242.97805,240.68336,-0.011466479,-0.011466479,-0.011466479
4/04/2014 0:00,252.331,243.76785,240.87458,0,0,0
7/04/2014 0:00,257.735,244.43295,241.0658,0.021190208,0.021190208,0.021190208
8/04/2014 0:00,258.983,245.5553,241.41498,0.004830497,0.004830497,0.004830497
9/04/2014 0:00,258.151,246.61535,241.90552,-0.003217737,-0.003217737,-0.003217737
10/04/2014 0:00,254.41,247.5091,242.37942,-0.014597546,-0.014597546,-0.014597546
11/04/2014 0:00,254.41,248.2366,242.7785,0,0,0
14/04/2014 0:00,254.41,248.8186,243.17758,0,0,0
15/04/2014 0:00,252.331,249.31745,243.57666,-0.008205421,-0.008205421,-0.008205421
16/04/2014 0:00,253.994,249.69155,243.93416,0.006568927,0.006568927,0.006568927
17/04/2014 0:00,257.735,250.2943,244.36648,0.014621281,0.014621281,0.014621281
18/04/2014 0:00,259.398,251.31275,244.9152,0.006431636,0.006431636,0.006431636
21/04/2014 0:00,260.645,252.3728,245.4473,0.004795766,0.004795766,0.004795766
22/04/2014 0:00,272.285,253.4328,245.91288,0.043689984,0.043689984,0.043689984
23/04/2014 0:00,276.858,254.88775,246.6362,0.016655428,0.016655428,0.016655428
24/04/2014 0:00,274.364,256.509,247.35122,-0.009049047,-0.009049047,-0.009049047
25/04/2014 0:00,272.701,258.00555,248.0496,-0.006079735,-0.006079735,-0.006079735
28/04/2014 0:00,269.375,259.16955,248.71472,-0.012271496,-0.012271496,-0.012271496
29/04/2014 0:00,270.207,260.1049,249.34658,0.003083871,0.003083871,0.003083871
30/04/2014 0:00,259.398,260.89475,249.87868,-0.04082477,-0.04082477,-0.04082477
1/05/2014 0:00,259.398,261.1026,250.05328,0,0,0
2/05/2014 0:00,264.387,261.45595,250.34426,0.019050377,0.019050377,0.019050377
5/05/2014 0:00,272.285,262.05875,250.71008,0.029435373,0.029435373,0.029435373
6/05/2014 0:00,276.858,262.78625,251.2588,0.016655428,0.016655428,0.016655428
7/05/2014 0:00,275.611,263.68,251.93224,-0.004514288,-0.004514288,-0.004514288
8/05/2014 0:00,256.488,264.553,252.58906,-0.071908571,-0.071908571,-0.071908571
9/05/2014 0:00,243.186,264.6569,252.87174,-0.053255297,-0.053255297,-0.053255297
12/05/2014 0:00,244.849,264.0957,252.88838,0.006815111,0.006815111,0.006815111
13/05/2014 0:00,245.264,263.61765,252.98816,0.001693487,0.001693487,0.001693487
14/05/2014 0:00,251.916,263.2643,253.10454,0.026760517,0.026760517,0.026760517
15/05/2014 0:00,256.904,263.1604,253.4371,0.019606776,0.019606776,0.019606776
16/05/2014 0:00,257.32,263.11885,253.84448,0.001617972,0.001617972,0.001617972
19/05/2014 0:00,254.41,263.01495,254.2103,-0.011373308,-0.011373308,-0.011373308
20/05/2014 0:00,256.488,262.7032,254.59274,0.008134741,0.008134741,0.008134741
21/05/2014 0:00,253.578,261.91335,254.96686,-0.011410412,-0.011410412,-0.011410412
22/05/2014 0:00,259.814,260.74935,255.2329,0.024294522,0.024294522,0.024294522
23/05/2014 0:00,261.892,260.02185,255.63198,0.007966215,0.007966215,0.007966215
26/05/2014 0:00,263.14,259.4814,256.01442,0.004754005,0.004754005,0.004754005
27/05/2014 0:00,261.477,259.16965,256.38856,-0.006339884,-0.006339884,-0.006339884
28/05/2014 0:00,269.375,258.73315,256.72112,0.029758135,0.029758135,0.029758135
29/05/2014 0:00,271.454,259.232,257.26984,0.007688235,0.007688235,0.007688235
30/05/2014 0:00,275.195,259.8348,257.9516,0.013687241,0.013687241,0.013687241
2/06/2014 0:00,275.195,260.3752,258.69156,0,0,0
3/06/2014 0:00,272.285,260.5207,259.40656,-0.010630625,-0.010630625,-0.010630625
4/06/2014 0:00,272.701,260.29205,259.98854,0.001526645,0.001526645,0.001526645
5/06/2014 0:00,270.207,260.14655,260.5539,-0.009187625,0,0.009187625
6/06/2014 0:00,271.454,260.8325,261.06938,0.004604364,0,-0.004604364
9/06/2014 0:00,270.622,262.2459,261.51004,-0.003069683,-0.003069683,-0.003069683
10/06/2014 0:00,270.207,263.53455,261.90912,-0.001534681,-0.001534681,-0.001534681
11/06/2014 0:00,270.207,264.7817,262.22506,0,0,0
12/06/2014 0:00,271.038,265.69625,262.52438,0.003070701,0.003070701,0.003070701
13/06/2014 0:00,267.297,266.40295,262.89852,-0.013898633,-0.013898633,-0.013898633
16/06/2014 0:00,270.207,266.9018,263.19784,0.010827932,0.010827932,0.010827932
17/06/2014 0:00,268.544,267.69165,263.44728,-0.006173558,-0.006173558,-0.006173558
18/06/2014 0:00,271.038,268.29445,263.6385,0.009244259,0.009244259,0.009244259
19/06/2014 0:00,273.116,269.16745,263.89624,0.007637581,0.007637581,0.007637581
20/06/2014 0:00,271.038,269.83255,264.27036,-0.007637581,-0.007637581,-0.007637581
23/06/2014 0:00,271.038,270.28985,264.60292,0,0,0
24/06/2014 0:00,271.038,270.68475,264.93548,0,0,0
25/06/2014 0:00,265.634,271.1628,265.30962,-0.020139611,-0.020139611,-0.020139611
26/06/2014 0:00,271.869,270.97575,265.54242,0.023200911,0.023200911,0.023200911
27/06/2014 0:00,273.116,270.9965,265.8251,0.004576281,0.004576281,0.004576281
30/06/2014 0:00,276.858,270.89255,266.09946,0.013608126,0.013608126,0.013608126
1/07/2014 0:00,276.858,270.9757,266.42372,0,0,0
2/07/2014 0:00,276.858,271.20435,266.51518,0,0,0
3/07/2014 0:00,284.34,271.4122,266.51518,0.026665966,0.026665966,0.026665966
4/07/2014 0:00,288.082,272.11885,266.7147,0.013074457,0.013074457,0.013074457
7/07/2014 0:00,292.654,272.95025,267.02232,0.015745862,0.015745862,0.015745862
8/07/2014 0:00,284.34,274.05185,267.4879,-0.028820319,-0.028820319,-0.028820319
9/07/2014 0:00,270.207,274.7585,267.77056,-0.050982373,-0.050982373,-0.050982373
10/07/2014 0:00,272.285,274.7585,267.98674,0.00766098,0.00766098,0.00766098
11/07/2014 0:00,273.116,274.82085,268.24448,0.003047302,0.003047302,0.003047302
14/07/2014 0:00,271.038,275.1118,268.41906,-0.007637581,-0.007637581,-0.007637581
15/07/2014 0:00,271.869,275.15335,268.39412,0.0030613,0.0030613,0.0030613
16/07/2014 0:00,272.285,275.3196,268.29434,0.001528979,0.001528979,0.001528979
17/07/2014 0:00,267.297,275.38195,268.22782,-0.018488912,-0.018488912,-0.018488912
18/07/2014 0:00,268.544,275.091,268.444,0.004654374,0.004654374,0.004654374
21/07/2014 0:00,271.869,274.9663,268.95116,0.012305559,0.012305559,0.012305559
22/07/2014 0:00,273.948,275.00785,269.49156,0.007617975,0.007617975,0.007617975
23/07/2014 0:00,273.948,275.15335,270.06524,0,0,0
24/07/2014 0:00,277.689,275.56905,270.50588,0.013563475,0.013563475,0.013563475
25/07/2014 0:00,271.454,275.86005,270.92158,-0.022709087,-0.022709087,-0.022709087
28/07/2014 0:00,270.622,275.77695,271.20426,-0.003069683,-0.003069683,-0.003069683
29/07/2014 0:00,273.948,275.46515,271.5285,0.012215294,0.012215294,0.012215294
30/07/2014 0:00,273.116,275.31965,271.8777,-0.003041694,-0.003041694,-0.003041694
31/07/2014 0:00,266.049,275.13255,272.26846,-0.026216111,-0.026216111,-0.026216111
1/08/2014 0:00,266.465,274.218,272.39316,0.001562401,0.001562401,0.001562401
4/08/2014 0:00,271.038,273.13715,272.48462,0.01701613,0.01701613,0.01701613
5/08/2014 0:00,263.971,272.05635,272.64258,-0.026419784,0,0.026419784
6/08/2014 0:00,261.061,271.0379,272.69246,-0.011085152,0,0.011085152
7/08/2014 0:00,258.151,270.5806,272.52618,-0.011209411,0,0.011209411
8/08/2014 0:00,256.488,269.8739,272.26012,-0.006462805,0,0.006462805
11/08/2014 0:00,259.595,269.0425,271.88598,0.012040844,0,-0.012040844
12/08/2014 0:00,262.257,268.47035,271.57398,0.010202215,0,-0.010202215
13/08/2014 0:00,263.145,267.98975,271.37342,0.003380272,0,-0.003380272
14/08/2014 0:00,257.82,267.53275,271.1823,-0.020443544,0,0.020443544
15/08/2014 0:00,257.82,267.0589,270.93456,0,0,0
18/08/2014 0:00,256.488,266.5227,270.66188,-0.005179787,0,0.005179787
19/08/2014 0:00,260.926,265.75365,270.3792,0.017154962,0,-0.017154962
20/08/2014 0:00,263.588,265.10255,270.19358,0.010150436,0,-0.010150436
21/08/2014 0:00,262.701,264.58455,270.0612,-0.003370775,0,0.003370775
22/08/2014 0:00,268.913,263.83515,269.89446,0.023371404,0,-0.023371404
25/08/2014 0:00,265.363,263.7081,269.92678,-0.013289207,0,0.013289207
26/08/2014 0:00,266.251,263.44515,269.8299,0.003340773,0,-0.003340773
27/08/2014 0:00,271.576,263.0603,269.78404,0.019802554,0,-0.019802554
28/08/2014 0:00,272.463,262.9833,269.7948,0.003260799,0,-0.003260799
29/08/2014 0:00,277.788,263.304,269.78174,0.019355408,0,-0.019355408
1/09/2014 0:00,279.563,263.87015,269.91674,0.006369437,0,-0.006369437
2/09/2014 0:00,274.682,264.2964,270.08724,-0.017613605,0,0.017613605
3/09/2014 0:00,276.901,264.83195,270.16012,0.008045977,0,-0.008045977
4/09/2014 0:00,278.676,265.62395,270.38546,0.006389775,0,-0.006389775
5/09/2014 0:00,276.013,266.6502,270.5216,-0.009601851,0,0.009601851
8/09/2014 0:00,276.013,267.62645,270.57954,0,0,0
9/09/2014 0:00,277.345,268.44735,270.56264,0.004814253,0,-0.004814253
10/09/2014 0:00,276.901,269.20175,270.57238,-0.001602177,0,0.001602177
11/09/2014 0:00,276.901,269.88955,270.57324,0,0,0
12/09/2014 0:00,272.907,270.8436,270.42446,-0.014528964,-0.014528964,-0.014528964
15/09/2014 0:00,277.788,271.59795,270.12096,0.017727155,0.017727155,0.017727155
16/09/2014 0:00,270.688,272.66295,269.82364,-0.025891367,-0.025891367,-0.025891367
17/09/2014 0:00,274.238,273.15105,269.5506,0.013029476,0.013029476,0.013029476
18/09/2014 0:00,273.351,273.68355,269.63122,-0.003239659,-0.003239659,-0.003239659
19/09/2014 0:00,270.245,274.21605,269.65254,-0.011427729,-0.011427729,-0.011427729
22/09/2014 0:00,260.482,274.28265,269.59512,-0.036795194,-0.036795194,-0.036795194
23/09/2014 0:00,257.82,274.0386,269.384,-0.010272094,-0.010272094,-0.010272094
24/09/2014 0:00,259.595,273.61705,269.10302,0.006861057,0.006861057,0.006861057
25/09/2014 0:00,255.601,273.018,268.84922,-0.015505089,-0.015505089,-0.015505089
26/09/2014 0:00,251.607,272.1749,268.6153,-0.015749288,-0.015749288,-0.015749288
29/09/2014 0:00,251.607,270.86585,268.27656,0,0,0
30/09/2014 0:00,257.376,269.46805,267.87132,0.022669704,0.022669704,0.022669704
1/10/2014 0:00,260.482,268.60275,267.53988,0.01199571,0.01199571,0.01199571
2/10/2014 0:00,261.813,267.7818,267.27056,0.005096748,0.005096748,0.005096748
3/10/2014 0:00,267.582,266.93865,266.95304,0.021795553,0,-0.021795553
6/10/2014 0:00,268.913,266.5171,266.8756,0.004961846,0,-0.004961846
7/10/2014 0:00,266.251,266.1621,266.84142,-0.009948434,0,0.009948434
8/10/2014 0:00,264.032,265.6074,266.68748,-0.008369165,0,0.008369165
9/10/2014 0:00,269.801,264.96395,266.5058,0.021614342,0,-0.021614342
10/10/2014 0:00,269.801,264.60895,266.58084,0,0,0
13/10/2014 0:00,261.813,264.45365,266.64756,-0.030054142,0,0.030054142
14/10/2014 0:00,268.026,263.6549,266.46306,0.023453482,0,-0.023453482
15/10/2014 0:00,259.151,263.5218,266.54416,-0.033673087,0,0.033673087
16/10/2014 0:00,260.482,262.76745,266.50596,0.005122858,0,-0.005122858
17/10/2014 0:00,258.707,262.124,266.55258,-0.006837614,0,0.006837614
20/10/2014 0:00,259.151,261.5471,266.59696,0.001714756,0,-0.001714756
21/10/2014 0:00,262.701,261.48055,266.58808,0.0136056,0,-0.0136056
22/10/2014 0:00,262.257,261.7246,266.59696,-0.001691564,0,0.001691564
23/10/2014 0:00,259.151,261.8577,266.5792,-0.011914036,0,0.011914036
24/10/2014 0:00,259.595,262.0352,266.60582,0.001711821,0,-0.001711821
27/10/2014 0:00,261.813,262.4346,266.64132,0.008507784,0,-0.008507784
28/10/2014 0:00,263.588,262.9449,266.74782,0.00675677,0,-0.00675677
29/10/2014 0:00,270.688,263.2555,266.80106,0.026579588,0,-0.026579588
30/10/2014 0:00,269.801,263.7658,266.94306,-0.003282216,0,0.003282216
31/10/2014 0:00,275.126,264.1652,267.08506,0.019544524,0,-0.019544524
3/11/2014 0:00,276.901,264.5424,267.20932,0.006430867,0,-0.006430867
4/11/2014 0:00,276.901,264.9418,267.44008,0,0,0
5/11/2014 0:00,273.795,265.4743,267.65308,-0.01128039,0,0.01128039
6/11/2014 0:00,273.795,265.96245,267.69746,0,0,0
7/11/2014 0:00,271.576,266.16215,267.7241,-0.008137625,0,0.008137625
10/11/2014 0:00,277.788,266.2509,267.59986,0.022616206,0,-0.022616206
11/11/2014 0:00,284.001,267.04965,267.56436,0.022119526,0,-0.022119526
12/11/2014 0:00,283.557,267.8484,267.75074,-0.001564598,-0.001564598,-0.001564598
13/11/2014 0:00,281.338,269.0687,267.88386,-0.007856368,-0.007856368,-0.007856368
14/11/2014 0:00,284.888,270.1115,267.9371,0.012539327,0.012539327,0.012539327
17/11/2014 0:00,286.663,271.42055,268.1146,0.006211189,0.006211189,0.006211189
18/11/2014 0:00,288.438,272.79615,268.3276,0.006172848,0.006172848,0.006172848
19/11/2014 0:00,292.876,274.083,268.54946,0.015269153,0.015269153,0.015269153
20/11/2014 0:00,294.651,275.61395,268.86896,0.006042294,0.006042294,0.006042294
21/11/2014 0:00,296.87,277.38895,269.22396,0.007502727,0.007502727,0.007502727
24/11/2014 0:00,298.201,279.2527,269.70322,0.004473423,0.004473423,0.004473423
25/11/2014 0:00,294.651,281.0721,270.11148,-0.011976151,-0.011976151,-0.011976151
26/11/2014 0:00,294.651,282.62525,270.59074,0,0,0
27/11/2014 0:00,297.313,283.8234,270.999,0.008993851,0.008993851,0.008993851
28/11/2014 0:00,299.088,285.199,271.47824,0.005952389,0.005952389,0.005952389
1/12/2014 0:00,299.976,286.3971,272.0551,0.002964627,0.002964627,0.002964627
2/12/2014 0:00,295.538,287.55085,272.84498,-0.014905047,-0.014905047,-0.014905047
3/12/2014 0:00,311.514,288.4827,273.59934,0.052646857,0.052646857,0.052646857
4/12/2014 0:00,313.289,290.36865,274.63772,0.005681806,0.005681806,0.005681806
5/12/2014 0:00,309.295,292.34335,275.79148,-0.012830573,-0.012830573,-0.012830573
8/12/2014 0:00,307.076,294.2293,276.94524,-0.00720024,-0.00720024,-0.00720024
9/12/2014 0:00,303.526,295.6937,278.05462,-0.011628,-0.011628,-0.011628
10/12/2014 0:00,299.532,296.66995,278.97762,-0.013246017,-0.013246017,-0.013246017
11/12/2014 0:00,304.413,297.4687,279.75862,0.016164075,0.016164075,0.016164075
12/12/2014 0:00,307.52,298.62245,280.61062,0.010154794,0.010154794,0.010154794
15/12/2014 0:00,302.195,299.75405,281.40938,-0.017467621,-0.017467621,-0.017467621
16/12/2014 0:00,302.638,300.53065,282.07502,0.001464867,0.001464867,0.001464867
17/12/2014 0:00,296.426,301.24065,282.80276,-0.020739763,-0.020739763,-0.020739763
18/12/2014 0:00,294.207,301.41815,283.45064,-0.007514008,-0.007514008,-0.007514008
19/12/2014 0:00,298.201,301.39595,283.93876,0.013484155,0.013484155,0.013484155
22/12/2014 0:00,297.313,301.4625,284.50676,-0.0029823,-0.0029823,-0.0029823
23/12/2014 0:00,301.751,301.4181,285.21676,0.014816718,0.014816718,0.014816718
24/12/2014 0:00,299.088,301.7731,285.89126,-0.00886433,-0.00886433,-0.00886433
25/12/2014 0:00,299.532,301.99495,286.69,0.001483412,0.001483412,0.001483412
26/12/2014 0:00,299.976,302.1059,287.471,0.001481215,0.001481215,0.001481215
29/12/2014 0:00,306.632,302.1503,288.29638,0.02194586,0.02194586,0.02194586
30/12/2014 0:00,304.413,302.4831,289.246,-0.007262999,-0.007262999,-0.007262999
31/12/2014 0:00,307.52,302.92685,290.08024,0.010154794,0.010154794,0.010154794
1/01/2015 0:00,307.52,302.72715,290.9855,0,0,0
2/01/2015 0:00,307.52,302.4387,291.95288,0,0,0
5/01/2015 0:00,305.745,302.34995,292.91138,-0.005788705,-0.005788705,-0.005788705
6/01/2015 0:00,302.638,302.2834,293.79002,-0.010214049,-0.010214049,-0.010214049
7/01/2015 0:00,299.976,302.239,294.57102,-0.0088349,-0.0088349,-0.0088349
8/01/2015 0:00,308.851,302.2612,295.15678,0.029156488,0.029156488,0.029156488
9/01/2015 0:00,304.413,302.4831,295.93778,-0.014473628,-0.014473628,-0.014473628
12/01/2015 0:00,295.538,302.32775,296.52352,-0.029587908,-0.029587908,-0.029587908
13/01/2015 0:00,295.538,301.9949,296.89626,0,0,0
14/01/2015 0:00,281.338,301.6399,297.269,-0.049240631,-0.049240631,-0.049240631
15/01/2015 0:00,279.563,300.8855,297.41986,-0.006329124,-0.006329124,-0.006329124
16/01/2015 0:00,280.451,300.1533,297.53522,0.003171352,0.003171352,0.003171352
19/01/2015 0:00,279.563,299.2658,297.71272,-0.003171352,-0.003171352,-0.003171352
20/01/2015 0:00,283.113,298.3783,297.74822,0.012618442,0.012618442,0.012618442
21/01/2015 0:00,285.776,297.4464,297.73046,0.009362176,0,-0.009362176
22/01/2015 0:00,290.213,296.7808,297.77484,0.015406849,0,-0.015406849
23/01/2015 0:00,297.313,296.31485,297.95234,0.02417032,0,-0.02417032
26/01/2015 0:00,295.538,296.1817,298.20084,-0.005988032,0,0.005988032
27/01/2015 0:00,301.307,295.627,298.37834,0.019332254,0,-0.019332254
28/01/2015 0:00,297.313,295.4717,298.63572,-0.013344223,0,0.013344223
29/01/2015 0:00,296.87,294.96135,298.72446,-0.001491123,0,0.001491123
30/01/2015 0:00,295.095,294.42885,298.76884,-0.005996994,0,0.005996994
2/02/2015 0:00,295.538,293.8076,298.73334,0.001500086,0,-0.001500086
3/02/2015 0:00,295.538,293.29725,298.68008,0,0,0
4/02/2015 0:00,294.207,292.94225,298.69782,-0.004513823,0,0.004513823
5/02/2015 0:00,240.513,292.6538,298.68894,-0.201509459,0,0.201509459
6/02/2015 0:00,291.101,289.2369,297.55294,0.190896144,0,-0.190896144
9/02/2015 0:00,288.882,288.5713,297.3932,-0.007651986,0,0.007651986
10/02/2015 0:00,289.77,288.2385,297.17132,0.003069205,0,-0.003069205
11/02/2015 0:00,292.876,287.9501,297.05596,0.010661806,0,-0.010661806
12/02/2015 0:00,287.107,288.527,296.6832,-0.019894343,0,0.019894343
13/02/2015 0:00,287.995,288.9042,296.15956,0.00308815,0,-0.00308815
16/02/2015 0:00,287.995,289.2814,295.73356,0,0,0
17/02/2015 0:00,287.995,289.703,295.35194,0,0,0
18/02/2015 0:00,287.995,289.9471,295.04132,0,0,0
19/02/2015 0:00,287.995,290.05805,294.81058,0,0,0
20/02/2015 0:00,287.995,289.94715,294.48222,0,0,0
23/02/2015 0:00,287.995,289.48125,294.09172,0,0,0
24/02/2015 0:00,288.882,289.1041,293.80772,0.003075181,0,-0.003075181
25/02/2015 0:00,292.876,288.48285,293.5326,0.013731011,0,-0.013731011
26/02/2015 0:00,289.77,288.261,293.4616,-0.010661806,0,0.010661806
27/02/2015 0:00,289.77,287.906,293.37286,0,0,0
2/03/2015 0:00,286.663,287.63975,293.20424,-0.010780195,0,0.010780195
3/03/2015 0:00,288.438,287.196,292.99124,0.006172848,0,-0.006172848
4/03/2015 0:00,290.657,286.841,292.72498,0.00766372,0,-0.00766372
5/03/2015 0:00,288.438,286.6635,292.55636,-0.00766372,0,0.00766372
6/03/2015 0:00,287.107,289.05975,292.33448,-0.00462519,0,0.00462519
9/03/2015 0:00,283.113,288.86005,292.0771,-0.014008857,0,0.014008857
10/03/2015 0:00,287.551,288.5716,291.60672,0.015554125,0,-0.015554125
11/03/2015 0:00,285.776,288.46065,291.26948,-0.006191949,0,0.006191949
12/03/2015 0:00,287.551,288.10565,290.8346,0.006191949,0,-0.006191949
13/03/2015 0:00,286.22,288.12785,290.43522,-0.00463949,0,0.00463949
16/03/2015 0:00,282.226,288.0391,290.00922,-0.014052577,0,0.014052577
17/03/2015 0:00,281.782,287.75065,289.53884,-0.001574446,0,0.001574446
18/03/2015 0:00,287.107,287.44,289.12172,0.018721246,0,-0.018721246
19/03/2015 0:00,283.557,287.3956,288.86434,-0.012441807,0,0.012441807
20/03/2015 0:00,282.67,287.1737,288.35846,-0.003133022,0,0.003133022
23/03/2015 0:00,283.113,286.90745,287.9236,0.001565972,0,-0.001565972
24/03/2015 0:00,283.113,286.66335,287.6751,0,0,0
25/03/2015 0:00,283.113,286.3749,287.4266,0,0,0
26/03/2015 0:00,283.113,285.88675,287.4621,0,0,0
27/03/2015 0:00,275.126,285.5539,287.5331,-0.028616937,0,0.028616937
30/03/2015 0:00,279.563,284.8217,287.4266,0.015998495,0,-0.015998495
31/03/2015 0:00,279.563,284.4667,287.4266,0,0,0
1/04/2015 0:00,277.788,284.02295,287.3556,-0.006369437,0,0.006369437
2/04/2015 0:00,280.451,283.3795,287.19584,0.009540789,0,-0.009540789
3/04/2015 0:00,280.451,282.98015,287.0006,0,0,0
6/04/2015 0:00,280.451,282.64735,286.66336,0,0,0
7/04/2015 0:00,281.782,282.51425,286.36162,0.004734701,0,-0.004734701
8/04/2015 0:00,281.338,282.2258,285.97112,-0.001576929,0,0.001576929
9/04/2015 0:00,283.113,282.0039,285.65162,0.006289318,0,-0.006289318
10/04/2015 0:00,280.451,281.782,285.37648,-0.00944709,0,0.00944709
13/04/2015 0:00,282.226,281.49355,285.0836,0.006309147,0,-0.006309147
14/04/2015 0:00,280.895,281.49355,284.81736,-0.004727234,0,0.004727234
15/04/2015 0:00,278.676,281.4492,284.5245,-0.007931117,0,0.007931117
16/04/2015 0:00,283.113,281.02765,284.21388,0.015796295,0,-0.015796295
17/04/2015 0:00,285.332,281.00545,285.06588,0.007807303,0,-0.007807303
20/04/2015 0:00,283.113,281.13855,284.9505,-0.007807303,0,0.007807303
21/04/2015 0:00,283.113,281.13855,284.83512,0,0,0
22/04/2015 0:00,294.207,281.13855,284.70198,0.03843749,0,-0.03843749
23/04/2015 0:00,297.313,281.69325,284.7286,0.010501855,0,-0.010501855
24/04/2015 0:00,299.088,282.40325,284.93272,0.005952389,0,-0.005952389
27/04/2015 0:00,300.42,283.60135,285.15458,0.004443651,0,-0.004443651
28/04/2015 0:00,304.413,284.6442,285.40308,0.013203836,0,-0.013203836
29/04/2015 0:00,291.988,285.8867,285.73144,-0.041672627,-0.041672627,-0.041672627
30/04/2015 0:00,288.882,286.5967,285.8113,-0.010694405,-0.010694405,-0.010694405
1/05/2015 0:00,288.882,287.01825,285.82904,0,0,0
4/05/2015 0:00,291.988,287.4398,285.84678,0.010694405,0.010694405,0.010694405
5/05/2015 0:00,286.663,288.01665,285.92664,-0.018405396,-0.018405396,-0.018405396
6/05/2015 0:00,284.001,288.2607,285.88226,-0.009329551,-0.009329551,-0.009329551
7/05/2015 0:00,278.676,288.39385,285.70476,-0.018927943,-0.018927943,-0.018927943
8/05/2015 0:00,280.895,288.172,285.48288,0.007931117,0.007931117,0.007931117
11/05/2015 0:00,269.357,288.1942,285.30538,-0.041943297,-0.041943297,-0.041943297
12/05/2015 0:00,266.695,287.55075,284.95926,-0.009931954,-0.009931954,-0.009931954
13/05/2015 0:00,270.245,286.84075,284.5244,0.013223272,0.013223272,0.013223272
14/05/2015 0:00,270.245,286.4192,284.11616,0,0,0
15/05/2015 0:00,269.801,285.7758,283.7523,-0.001644305,-0.001644305,-0.001644305
18/05/2015 0:00,268.913,284.99925,283.40618,-0.003296743,-0.003296743,-0.003296743
19/05/2015 0:00,268.026,284.28925,283.12218,-0.003303916,-0.003303916,-0.003303916
20/05/2015 0:00,267.582,283.5349,282.73168,-0.001657929,-0.001657929,-0.001657929
21/05/2015 0:00,268.47,282.20365,282.3678,0.003313114,0,-0.003313114
22/05/2015 0:00,271.576,280.7615,281.98618,0.011502851,0,-0.011502851
25/05/2015 0:00,272.463,279.3859,281.6933,0.003260799,0,-0.003260799
26/05/2015 0:00,276.901,277.98805,281.49804,0.016157217,0,-0.016157217
27/05/2015 0:00,277.788,276.61245,281.40042,0.003198191,0,-0.003198191
28/05/2015 0:00,275.126,275.90245,281.21404,-0.009629058,0,0.009629058
29/05/2015 0:00,268.026,275.21465,281.04542,-0.026145184,0,0.026145184
1/06/2015 0:00,265.363,274.17185,280.75254,-0.009985291,0,0.009985291
2/06/2015 0:00,266.251,272.8406,280.39754,0.003340773,0,-0.003340773
3/06/2015 0:00,266.251,271.82,280.0603,0,0,0
4/06/2015 0:00,263.145,270.9325,279.72306,-0.011734262,0,0.011734262
5/06/2015 0:00,262.701,270.15595,279.3237,-0.001688708,0,0.001688708
8/06/2015 0:00,260.482,269.24625,279.0752,-0.008482742,0,0.008482742
9/06/2015 0:00,260.038,268.8025,278.69358,-0.001705987,0,0.001705987
10/06/2015 0:00,266.695,268.46965,278.30308,0.025277909,0,-0.025277909
11/06/2015 0:00,260.038,268.29215,278.08122,-0.025277909,0,0.025277909
12/06/2015 0:00,259.151,267.7818,277.67296,-0.003416871,0,0.003416871
15/06/2015 0:00,257.376,267.2493,277.24696,-0.006872853,0,0.006872853
16/06/2015 0:00,257.376,266.67245,276.78546,0,0,0
17/06/2015 0:00,252.495,266.13995,276.29734,-0.019146604,0,0.019146604
18/06/2015 0:00,256.932,265.3856,275.72048,0.017420012,0,-0.017420012
19/06/2015 0:00,256.932,264.8087,275.19686,0,0,0
22/06/2015 0:00,262.701,264.0765,274.72648,0.022205045,0,-0.022205045
23/06/2015 0:00,269.357,263.5884,274.33598,0.025021134,0,-0.025021134
24/06/2015 0:00,270.688,263.2112,274.10522,0.004929229,0,-0.004929229
25/06/2015 0:00,266.251,262.8562,273.94546,-0.016527393,0,0.016527393
26/06/2015 0:00,269.801,262.41245,273.60822,0.013245177,0,-0.013245177
29/06/2015 0:00,268.47,262.5012,273.2976,-0.004945474,0,0.004945474
30/06/2015 0:00,266.695,262.65655,273.00474,-0.006633493,0,0.006633493
1/07/2015 0:00,270.688,262.67875,272.67638,0.014861183,0,-0.014861183
2/07/2015 0:00,266.251,262.9006,272.206,-0.016527393,0,0.016527393
3/07/2015 0:00,266.695,263.0559,271.58476,0.00166621,0,-0.00166621
6/07/2015 0:00,267.138,263.2556,270.9369,0.001659695,0,-0.001659695
7/07/2015 0:00,265.363,263.5884,270.27126,-0.006666679,0,0.006666679
8/07/2015 0:00,256.488,263.85465,269.49026,-0.03401682,0,0.03401682
9/07/2015 0:00,244.063,263.3443,268.78026,-0.049655491,0,0.049655491
10/07/2015 0:00,244.063,262.54555,267.88388,0,0,0
13/07/2015 0:00,260.482,261.79115,266.9875,0.065107372,0,-0.065107372
14/07/2015 0:00,249.388,261.94645,266.35738,-0.043523844,0,0.043523844
15/07/2015 0:00,257.376,261.54705,265.61188,0.031528134,0,-0.031528134
16/07/2015 0:00,260.926,261.7911,265.07938,0.013698791,0,-0.013698791
17/07/2015 0:00,255.601,261.9908,264.72438,-0.020619207,0,0.020619207
20/07/2015 0:00,252.938,261.92425,264.2185,-0.010473235,0,0.010473235
21/07/2015 0:00,253.826,261.4361,263.89012,0.003504593,0,-0.003504593
22/07/2015 0:00,254.713,260.65955,263.63274,0.003488428,0,-0.003488428
23/07/2015 0:00,252.938,259.8608,263.3221,-0.006993022,0,0.006993022
24/07/2015 0:00,259.151,259.19515,262.97596,0.024266504,0,-0.024266504
27/07/2015 0:00,256.932,258.66265,262.76296,-0.008599445,0,0.008599445
28/07/2015 0:00,252.938,258.08575,262.52334,-0.015667059,0,0.015667059
29/07/2015 0:00,244.951,257.3979,262.22158,-0.032086209,0,0.032086209
30/07/2015 0:00,257.376,256.11105,261.76896,0.04947986,0,-0.04947986
31/07/2015 0:00,252.938,255.6673,261.54708,-0.017393651,0,0.017393651
3/08/2015 0:00,249.832,254.97945,261.17432,-0.012355707,0,0.012355707
4/08/2015 0:00,246.282,254.11415,260.7217,-0.014311471,0,0.014311471
5/08/2015 0:00,243.62,253.1601,260.10932,-0.010867587,0,0.010867587
6/08/2015 0:00,240.07,252.5167,259.42596,-0.014679087,0,0.014679087
7/08/2015 0:00,240.513,252.31705,258.72484,0.001843595,0,-0.001843595
10/08/2015 0:00,241.46,252.13955,258.17458,0.003929686,0,-0.003929686
11/08/2015 0:00,237.199,251.18845,257.69652,-0.017804377,0,0.017804377
12/08/2015 0:00,259.451,250.579,257.11548,0.089668409,0,-0.089668409
13/08/2015 0:00,268.447,250.68275,256.97948,0.034085641,0,-0.034085641
14/08/2015 0:00,263.239,251.0588,257.08552,-0.019591137,0,0.019591137
17/08/2015 0:00,265.133,251.4407,257.09628,0.007169222,0,-0.007169222
18/08/2015 0:00,260.398,252.05045,257.1893,-0.018020357,0,0.018020357
19/08/2015 0:00,258.978,252.37905,257.1965,-0.005468114,0,0.005468114
20/08/2015 0:00,255.664,252.5923,257.04216,-0.012879034,0,0.012879034
21/08/2015 0:00,249.035,252.7286,256.95468,-0.026270634,0,0.026270634
24/08/2015 0:00,241.934,252.2228,256.75236,-0.028928487,0,0.028928487
25/08/2015 0:00,258.978,251.4729,256.44352,0.068078154,0,-0.068078154
26/08/2015 0:00,262.292,251.7749,256.47556,0.012715271,0,-0.012715271
27/08/2015 0:00,265.133,252.64195,256.6715,0.0107732,0,-0.0107732
28/08/2015 0:00,278.389,253.0298,256.83552,0.048787829,0,-0.048787829
31/08/2015 0:00,280.283,254.30235,257.26466,0.006780391,0,-0.006780391
1/09/2015 0:00,277.442,255.8249,257.6163,-0.010187905,0,0.010187905
2/09/2015 0:00,274.128,257.3829,257.778,-0.012016752,0,0.012016752
3/09/2015 0:00,277.442,258.9083,257.8468,0.012016752,0.012016752,0.012016752
4/09/2015 0:00,273.655,260.7769,258.07062,-0.013743713,-0.013743713,-0.013743713
7/09/2015 0:00,276.496,262.434,258.1477,0.010328165,0.010328165,0.010328165
8/09/2015 0:00,274.602,264.1858,258.30822,-0.006873578,-0.006873578,-0.006873578
9/09/2015 0:00,279.81,266.05595,258.46636,0.018788025,0.018788025,0.018788025
10/09/2015 0:00,278.389,267.0739,258.6488,-0.005091385,-0.005091385,-0.005091385
11/09/2015 0:00,275.549,267.571,258.89156,-0.010253945,-0.010253945,-0.010253945
14/09/2015 0:00,278.389,268.1865,259.06864,0.010253945,0.010253945,0.010253945
15/09/2015 0:00,273.655,268.8493,259.29366,-0.017151227,-0.017151227,-0.017151227
16/09/2015 0:00,270.814,269.51215,259.4595,-0.010435951,-0.010435951,-0.010435951
17/09/2015 0:00,272.708,270.10395,259.74602,0.006969387,0.006969387,0.006969387
18/09/2015 0:00,272.708,270.95615,260.31892,0,0,0
21/09/2015 0:00,269.394,272.1398,260.89182,-0.012226634,-0.012226634,-0.012226634
22/09/2015 0:00,269.867,273.5128,261.07006,0.001754253,0.001754253,0.001754253
23/09/2015 0:00,267.027,274.05725,261.47964,-0.010579468,-0.010579468,-0.010579468
24/09/2015 0:00,260.872,274.294,261.67266,-0.023319911,-0.023319911,-0.023319911
25/09/2015 0:00,263.712,274.08095,261.67158,0.010827733,0.010827733,0.010827733
28/09/2015 0:00,263.712,273.3471,261.8338,0,0,0
29/09/2015 0:00,263.712,272.51855,262.04928,0,0,0
30/09/2015 0:00,267.5,271.83205,262.247,0.014261968,0.014261968,0.014261968
1/10/2015 0:00,272.708,271.50065,262.50274,0.019282059,0.019282059,0.019282059
2/10/2015 0:00,269.867,271.26395,262.89814,-0.010472381,-0.010472381,-0.010472381
5/10/2015 0:00,268.447,271.07455,263.11246,-0.005275744,-0.005275744,-0.005275744
6/10/2015 0:00,279.336,270.6721,263.34276,0.039761857,0.039761857,0.039761857
7/10/2015 0:00,280.283,270.9088,263.87072,0.003384449,0.003384449,0.003384449
8/10/2015 0:00,281.704,270.93245,264.57736,0.005057067,0.005057067,0.005057067
9/10/2015 0:00,281.704,271.0982,265.06392,0,0,0
12/10/2015 0:00,281.704,271.40595,265.63924,0,0,0
13/10/2015 0:00,282.65,271.5717,266.27668,0.003352509,0.003352509,0.003352509
14/10/2015 0:00,283.124,272.02145,267.00404,0.001675581,0.001675581,0.001675581
15/10/2015 0:00,283.124,272.63695,267.79412,0,0,0
16/10/2015 0:00,279.336,273.15775,268.6552,-0.013469606,-0.013469606,-0.013469606
19/10/2015 0:00,282.177,273.48915,269.43166,0.010119175,0.010119175,0.010119175
20/10/2015 0:00,280.757,274.1283,270.246,-0.005045007,-0.005045007,-0.005045007
21/10/2015 0:00,281.23,274.6728,271.11716,0.001683313,0.001683313,0.001683313
22/10/2015 0:00,283.597,275.38295,271.55274,0.008381376,0.008381376,0.008381376
23/10/2015 0:00,287.385,276.5192,271.85574,0.013268564,0.013268564,0.013268564
26/10/2015 0:00,290.699,277.70285,272.33866,0.011465587,0.011465587,0.011465587
27/10/2015 0:00,285.018,279.0522,272.84998,-0.019736031,-0.019736031,-0.019736031
28/10/2015 0:00,284.071,280.1175,273.34238,-0.003328129,-0.003328129,-0.003328129
29/10/2015 0:00,279.336,280.94605,273.84424,-0.016808849,-0.016808849,-0.016808849
30/10/2015 0:00,275.549,281.27745,274.31768,-0.013649887,-0.013649887,-0.013649887
2/11/2015 0:00,276.496,281.56155,274.84796,0.003430883,0.003430883,0.003430883
3/11/2015 0:00,281.704,281.964,275.5392,0.01866052,0.01866052,0.01866052
4/11/2015 0:00,286.911,282.0824,275.99372,0.018315189,0.018315189,0.018315189
5/11/2015 0:00,284.544,282.4138,276.4861,-0.008284164,-0.008284164,-0.008284164
6/11/2015 0:00,277.916,282.5558,276.87432,-0.023568989,-0.023568989,-0.023568989
9/11/2015 0:00,275.549,282.3664,276.86486,-0.008553439,-0.008553439,-0.008553439
10/11/2015 0:00,272.235,282.05865,276.77018,-0.012099807,-0.012099807,-0.012099807
11/11/2015 0:00,269.394,281.5379,276.66604,-0.010490672,-0.010490672,-0.010490672
12/11/2015 0:00,265.133,280.8514,276.57136,-0.015943405,-0.015943405,-0.015943405
13/11/2015 0:00,260.872,279.95185,276.32518,-0.016201721,-0.016201721,-0.016201721
16/11/2015 0:00,259.925,279.02865,276.06952,-0.003636738,-0.003636738,-0.003636738
17/11/2015 0:00,260.398,277.91605,275.7381,0.001818102,0.001818102,0.001818102
18/11/2015 0:00,257.084,276.8981,275.45402,-0.01280835,-0.01280835,-0.01280835
19/11/2015 0:00,262.765,275.6908,274.9995,0.021857217,0.021857217,0.021857217
20/11/2015 0:00,260.398,274.6492,274.68702,-0.009048867,0,0.009048867
23/11/2015 0:00,260.398,273.29985,274.384,0,0,0
24/11/2015 0:00,260.398,271.7848,274.02418,0,0,0
25/11/2015 0:00,260.398,270.5538,273.75904,0,0,0
26/11/2015 0:00,260.398,269.37015,273.55072,0,0,0
27/11/2015 0:00,260.398,268.42325,273.30452,0,0,0
30/11/2015 0:00,255.664,267.6657,273.05832,-0.018347147,0,0.018347147
1/12/2015 0:00,262.292,266.6241,272.78372,0.025594305,0,-0.025594305
2/12/2015 0:00,257.558,265.6535,272.63222,-0.01821345,0,0.01821345
3/12/2015 0:00,254.717,264.18585,272.44284,-0.011091813,0,0.011091813
4/12/2015 0:00,254.717,262.6945,272.31974,0,0,0
7/12/2015 0:00,261.819,261.53455,272.13984,0.0275003,0,-0.0275003
8/12/2015 0:00,253.77,260.84805,272.10198,-0.03122508,0,0.03122508
9/12/2015 0:00,253.77,259.9248,271.90314,0,0,0
10/12/2015 0:00,252.823,259.1436,271.62854,-0.003738706,0,0.003738706
11/12/2015 0:00,253.77,258.5281,271.23084,0.003738706,0,-0.003738706
14/12/2015 0:00,251.876,258.173,270.9089,-0.007491442,0,0.007491442
15/12/2015 0:00,250.929,257.77055,270.57748,-0.003766872,0,0.003766872
16/12/2015 0:00,251.876,257.2971,270.00934,0.003766872,0,-0.003766872
17/12/2015 0:00,257.084,257.0367,269.4412,0.020465977,0,-0.020465977
18/12/2015 0:00,256.611,256.75265,268.9488,-0.00184156,0,0.00184156
21/12/2015 0:00,260.398,256.5633,268.44694,0.01464991,0,-0.01464991
22/12/2015 0:00,262.292,256.5633,268.02082,0.007247157,0,-0.007247157
23/12/2015 0:00,263.239,256.658,267.61366,0.003603978,0,-0.003603978
24/12/2015 0:00,263.239,256.80005,267.21596,0,0,0
25/12/2015 0:00,263.712,256.9421,266.81826,0.001795234,0,-0.001795234
28/12/2015 0:00,264.659,257.1078,266.50578,0.003584606,0,-0.003584606
29/12/2015 0:00,258.978,257.55755,266.15542,-0.021699089,0,0.021699089
30/12/2015 0:00,256.611,257.39185,265.71984,-0.009181796,0,0.009181796
31/12/2015 0:00,257.558,257.3445,265.22746,0.003683618,0,-0.003683618
1/01/2016 0:00,257.558,257.48655,264.70668,0,0,0
4/01/2016 0:00,248.088,257.6286,264.11014,-0.037461416,0,0.037461416
5/01/2016 0:00,247.615,256.94205,263.25792,-0.001908401,0,0.001908401
6/01/2016 0:00,249.982,256.6343,262.50986,0.009513795,0,-0.009513795
7/01/2016 0:00,253.77,256.4449,261.82808,0.01503943,0,-0.01503943
8/01/2016 0:00,261.819,256.49225,261.31676,0.03122508,0,-0.03122508
11/01/2016 0:00,260.872,256.8947,261.04216,-0.00362356,0,0.00362356
12/01/2016 0:00,259.451,257.3445,260.72968,-0.005462005,0,0.005462005
13/01/2016 0:00,259.925,257.7706,260.28462,0.001825268,0,-0.001825268
14/01/2016 0:00,259.925,258.17305,259.7449,0,0,0
15/01/2016 0:00,262.765,258.3151,259.25252,0.010866969,0,-0.010866969
18/01/2016 0:00,256.137,258.6228,258.9495,-0.025547639,0,0.025547639
19/01/2016 0:00,256.137,258.40975,258.56126,0,0,0
20/01/2016 0:00,249.509,258.102,258.2393,-0.026217471,0,0.026217471
21/01/2016 0:00,248.562,257.4155,257.8416,-0.003802675,0,0.003802675
22/01/2016 0:00,252.823,256.68165,257.51018,0.016997328,0,-0.016997328
25/01/2016 0:00,257.084,256.1372,257.3492,0.016713241,0,-0.016713241
26/01/2016 0:00,251.876,255.75845,257.29238,-0.020465977,0,0.020465977
27/01/2016 0:00,252.823,255.40335,257.12194,0.003752736,0,-0.003752736
28/01/2016 0:00,251.403,255.21395,257.03672,-0.00563241,0,0.00563241
29/01/2016 0:00,254.243,254.9062,256.80948,0.011233273,0,-0.011233273
1/02/2016 0:00,260.398,254.74045,256.68638,0.023920727,0,-0.023920727
2/02/2016 0:00,259.925,255.35595,256.68638,-0.001818102,0,0.001818102
3/02/2016 0:00,256.611,255.97145,256.67692,-0.012831808,0,0.012831808
4/02/2016 0:00,256.611,256.3029,256.60118,0,0,0
8/02/2016 0:00,256.611,256.44495,256.52544,0,0,0
9/02/2016 0:00,256.611,256.18455,256.4497,0,0,0
10/02/2016 0:00,256.611,255.9715,256.46864,0,0,0
11/02/2016 0:00,256.611,255.8295,256.35502,0,0,0
12/02/2016 0:00,256.611,255.6638,256.33608,0,0,0
15/02/2016 0:00,255.19,255.4981,256.37396,-0.005552954,0,0.005552954
16/02/2016 0:00,257.558,255.11935,256.38342,0.009236572,0,-0.009236572
17/02/2016 0:00,259.925,255.1904,256.2982,0.00914819,0,-0.00914819
18/02/2016 0:00,261.819,255.3798,256.4213,0.007260297,0,-0.007260297
19/02/2016 0:00,257.084,255.9953,256.58228,-0.018250546,0,0.018250546
22/02/2016 0:00,255.664,256.4214,256.6675,-0.005538797,0,0.005538797
23/02/2016 0:00,256.137,256.56345,256.70538,0.001848375,0,-0.001848375
24/02/2016 0:00,252.823,256.5161,256.7906,-0.013022818,0,0.013022818
25/02/2016 0:00,258.031,256.56345,256.82848,0.020390094,0,-0.020390094
26/02/2016 0:00,258.978,256.82385,256.95158,0.003663383,0,-0.003663383
29/02/2016 0:00,258.978,257.2026,256.98946,0,0,0
1/03/2016 0:00,258.504,257.43935,257.0368,-0.001831948,-0.001831948,-0.001831948
2/03/2016 0:00,259.451,257.34465,256.99892,0.003656692,0.003656692,0.003656692
3/03/2016 0:00,263.239,257.32095,256.9421,0.014494505,0.014494505,0.014494505
4/03/2016 0:00,257.558,257.65235,256.9421,-0.021817427,-0.021817427,-0.021817427
7/03/2016 0:00,263.239,257.6997,256.82848,0.021817427,0.021817427,0.021817427
8/03/2016 0:00,258.978,258.0311,256.81902,-0.016319249,-0.016319249,-0.016319249
9/03/2016 0:00,266.08,258.14945,256.7054,0.027053899,0.027053899,0.027053899
10/03/2016 0:00,271.761,258.6229,256.84744,0.021125988,0.021125988,0.021125988
11/03/2016 0:00,270.814,259.3804,257.15044,-0.003490765,-0.003490765,-0.003490765
14/03/2016 0:00,273.655,260.09055,257.41556,0.010435951,0.010435951,0.010435951
15/03/2016 0:00,268.92,261.0138,257.7375,-0.017454251,-0.017454251,-0.017454251
16/03/2016 0:00,271.288,261.5819,258.15414,0.00876705,0.00876705,0.00876705
17/03/2016 0:00,272.708,262.15005,258.6276,0.005220638,0.005220638,0.005220638
18/03/2016 0:00,275.075,262.6945,259.08212,0.008642162,0.008642162,0.008642162
21/03/2016 0:00,273.655,263.59405,259.50822,-0.005175599,-0.005175599,-0.005175599
22/03/2016 0:00,273.655,264.4936,259.74494,0,0,0
23/03/2016 0:00,274.128,265.3695,260.0006,0.001726962,0.001726962,0.001726962
24/03/2016 0:00,273.655,266.43475,260.29414,-0.001726962,-0.001726962,-0.001726962
25/03/2016 0:00,271.761,267.21595,260.56874,-0.006945185,-0.006945185,-0.006945185
28/03/2016 0:00,272.235,267.8551,260.80546,0.00174266,0.00174266,0.00174266
29/03/2016 0:00,271.288,268.51795,260.99486,-0.003484677,-0.003484677,-0.003484677
30/03/2016 0:00,270.814,269.15715,261.29788,-0.001748749,-0.001748749,-0.001748749
31/03/2016 0:00,273.655,269.7253,261.59142,0.010435951,0.010435951,0.010435951
1/04/2016 0:00,268.447,270.2461,262.07434,-0.019214687,-0.019214687,-0.019214687
4/04/2016 0:00,268.447,270.79055,262.47204,0,0,0
5/04/2016 0:00,268.447,271.05095,262.78452,0,0,0
6/04/2016 0:00,268.447,271.5244,263.01178,0,0,0
7/04/2016 0:00,268.447,271.64275,263.3432,0,0,0
8/04/2016 0:00,268.447,271.47705,263.65568,0,0,0
11/04/2016 0:00,267.5,271.3587,263.99656,-0.003533935,-0.003533935,-0.003533935
12/04/2016 0:00,267.027,271.05095,264.2617,-0.001769789,-0.001769789,-0.001769789
13/04/2016 0:00,270.814,270.9563,264.39428,0.014082461,0.014082461,0.014082461
14/04/2016 0:00,268.447,270.9326,264.61206,-0.008778737,-0.008778737,-0.008778737
15/04/2016 0:00,269.394,270.71955,264.84878,0.00352149,0.00352149,0.00352149
18/04/2016 0:00,270.341,270.4355,265.10444,0.003509133,0.003509133,0.003509133
19/04/2016 0:00,270.814,270.2698,265.37904,0.001748113,0.001748113,0.001748113
20/04/2016 0:00,271.761,270.12775,265.6631,0.003490765,0.003490765,0.003490765
21/04/2016 0:00,268.92,270.0094,265.9661,-0.010509066,-0.010509066,-0.010509066
22/04/2016 0:00,272.235,269.77265,266.21228,0.012251726,0.012251726,0.012251726
25/04/2016 0:00,272.235,269.79635,266.52476,0,0,0
26/04/2016 0:00,272.708,269.79635,266.86566,0.001735962,0.001735962,0.001735962
27/04/2016 0:00,272.235,269.86735,267.16866,-0.001735962,-0.001735962,-0.001735962
28/04/2016 0:00,270.814,269.9384,267.41486,-0.005233426,-0.005233426,-0.005233426
29/04/2016 0:00,268.447,269.79635,267.59476,-0.008778737,-0.008778737,-0.008778737
2/05/2016 0:00,268.447,269.79635,267.82202,0,0,0
3/05/2016 0:00,259.451,269.79635,268.07768,-0.034085641,-0.034085641,-0.034085641
4/05/2016 0:00,256.137,269.34655,268.14396,-0.012855403,-0.012855403,-0.012855403
5/05/2016 0:00,255.664,268.73105,268.21024,-0.001848375,-0.001848375,-0.001848375
6/05/2016 0:00,249.982,268.0919,268.1629,-0.022475167,0,0.022475167
9/05/2016 0:00,250.456,267.16865,267.98298,0.001894341,0,-0.001894341
10/05/2016 0:00,249.035,266.31645,267.81254,-0.005689808,0,0.005689808
11/05/2016 0:00,246.195,265.41685,267.62316,-0.011469544,0,0.011469544
12/05/2016 0:00,257.558,264.1859,267.35804,0.045121033,0,-0.045121033
13/05/2016 0:00,249.035,263.64145,267.24442,-0.033651489,0,0.033651489
16/05/2016 0:00,244.774,262.6235,267.07396,-0.017258113,0,0.017258113
17/05/2016 0:00,241.46,261.34515,266.70466,-0.013631508,0,0.013631508
18/05/2016 0:00,245.248,259.87745,266.3543,0.015566116,0,-0.015566116
19/05/2016 0:00,240.987,258.5518,265.93766,-0.017526953,0,0.017526953
20/05/2016 0:00,239.566,257.15515,265.32218,-0.005914037,0,0.005914037
23/05/2016 0:00,254.243,255.5217,264.69722,0.05946155,0,-0.05946155
24/05/2016 0:00,250.929,254.6221,264.30898,-0.013120472,0,0.013120472
25/05/2016 0:00,252.823,253.53315,263.94916,0.007519609,0,-0.007519609
26/05/2016 0:00,256.611,252.56255,263.57986,0.01487168,0,-0.01487168
27/05/2016 0:00,258.031,251.8524,263.25792,0.005518413,0,-0.005518413
30/05/2016 0:00,267.973,251.3316,262.91704,0.037806496,0,-0.037806496
31/05/2016 0:00,265.133,251.3079,262.8034,-0.010654642,0,0.010654642
1/06/2016 0:00,264.186,251.592,262.63296,-0.003578186,0,0.003578186
2/06/2016 0:00,263.239,251.99445,262.43412,-0.003591036,0,0.003591036
3/06/2016 0:00,267.5,252.3732,262.2258,0.016057202,0,-0.016057202
6/06/2016 0:00,265.133,253.2491,262.14058,-0.008887979,0,0.008887979
7/06/2016 0:00,268.447,253.98295,261.99854,0.012421915,0,-0.012421915
8/06/2016 0:00,272.235,254.95355,261.94172,0.014012162,0,-0.014012162
9/06/2016 0:00,272.235,256.25555,261.97014,0,0,0
10/06/2016 0:00,272.235,256.9894,261.94174,0,0,0
13/06/2016 0:00,264.186,258.1494,262.0175,-0.030012263,0,0.030012263
14/06/2016 0:00,271.761,259.12,261.93228,0.028269603,0,-0.028269603
15/06/2016 0:00,267.973,260.63505,261.99856,-0.014036774,0,0.014036774
16/06/2016 0:00,265.133,261.7713,261.98908,-0.010654642,0,0.010654642
17/06/2016 0:00,266.553,262.9786,261.9228,0.005341511,0.005341511,0.005341511
20/06/2016 0:00,266.553,264.32795,261.88492,0,0,0
21/06/2016 0:00,266.553,264.94345,261.86598,0,0,0
22/06/2016 0:00,268.92,265.72465,261.8565,0.008840839,0.008840839,0.008840839
23/06/2016 0:00,263.239,266.5295,261.81862,-0.021351573,-0.021351573,-0.021351573
24/06/2016 0:00,260.398,266.8609,261.71446,-0.010851135,-0.010851135,-0.010851135
27/06/2016 0:00,250.929,266.97925,261.53454,-0.037041199,-0.037041199,-0.037041199
28/06/2016 0:00,254.243,266.12705,261.1463,0.013120472,0.013120472,0.013120472
29/06/2016 0:00,253.77,265.58255,260.81488,-0.001862158,-0.001862158,-0.001862158
30/06/2016 0:00,251.403,265.06175,260.45506,-0.009371116,-0.009371116,-0.009371116
1/07/2016 0:00,254.243,264.46995,260.10472,0.011233273,0.011233273,0.011233273
4/07/2016 0:00,255.664,263.8071,259.74488,0.00557358,0.00557358,0.00557358
5/07/2016 0:00,255.664,263.33365,259.41346,0,0,0
6/07/2016 0:00,251.403,262.6945,259.07258,-0.016806853,-0.016806853,-0.016806853
7/07/2016 0:00,252.823,261.6529,258.65594,0.00563241,0.00563241,0.00563241
11/07/2016 0:00,256.611,260.6823,258.29612,0.01487168,0.01487168,0.01487168
12/07/2016 0:00,260.398,259.9011,258.0594,0.01464991,0.01464991,0.01464991
13/07/2016 0:00,265.133,259.7117,257.89842,0.018020357,0.018020357,0.018020357
14/07/2016 0:00,267.027,259.3803,258.01206,0.00711819,0.00711819,0.00711819
15/07/2016 0:00,268.447,259.333,258.22986,0.005303725,0.005303725,0.005303725
18/07/2016 0:00,269.867,259.4987,258.48552,0.005275744,0.005275744,0.005275744
19/07/2016 0:00,269.394,259.6644,258.88322,-0.001754253,-0.001754253,-0.001754253
20/07/2016 0:00,267.973,259.80645,259.26198,-0.005288763,-0.005288763,-0.005288763
21/07/2016 0:00,262.292,259.87745,259.64074,-0.021427842,-0.021427842,-0.021427842
22/07/2016 0:00,264.659,259.54605,259.96268,0.008983818,0,-0.008983818
25/07/2016 0:00,265.606,259.61705,260.1047,0.003571803,0,-0.003571803
26/07/2016 0:00,264.659,259.87745,260.43612,-0.003571803,0,0.003571803
27/07/2016 0:00,266.08,260.56395,260.83382,0.005354811,0,-0.005354811
28/07/2016 0:00,267.5,261.1558,261.32622,0.005322551,0,-0.005322551
29/07/2016 0:00,262.765,261.8423,261.77126,-0.01785947,-0.01785947,-0.01785947
1/08/2016 0:00,268.92,262.4104,262.20682,0.023153841,0.023153841,0.023153841
2/08/2016 0:00,267.027,263.14425,262.7939,-0.007064161,-0.007064161,-0.007064161
3/08/2016 0:00,267.027,263.7124,263.04958,0,0,0
4/08/2016 0:00,267.5,264.28055,263.37154,0.001769789,0.001769789,0.001769789
5/08/2016 0:00,270,265.0854,263.66508,0.009302393,0.009302393,0.009302393
8/08/2016 0:00,270.5,265.94425,263.93286,0.001850139,0.001850139,0.001850139
9/08/2016 0:00,271,266.6387,264.18224,0.001846723,0.001846723,0.001846723
10/08/2016 0:00,269,267.1688,264.24278,-0.007407441,-0.007407441,-0.007407441
11/08/2016 0:00,265.5,267.36215,264.32012,-0.013096539,-0.013096539,-0.013096539
12/08/2016 0:00,263,267.2858,264.3464,-0.009460809,-0.009460809,-0.009460809
15/08/2016 0:00,265.5,267.01345,264.34162,0.009460809,0.009460809,0.009460809
16/08/2016 0:00,264,266.7951,264.30162,-0.005665738,-0.005665738,-0.005665738
17/08/2016 0:00,265.5,266.5254,264.27896,0.005665738,0.005665738,0.005665738
18/08/2016 0:00,268.5,266.40175,264.22002,0.011236073,0.011236073,0.011236073
19/08/2016 0:00,270.5,266.71215,264.14532,0.007421184,0.007421184,0.007421184
22/08/2016 0:00,268.5,267.0042,264.11062,-0.007421184,-0.007421184,-0.007421184
23/08/2016 0:00,270,267.1489,264.03592,0.005571045,0.005571045,0.005571045
24/08/2016 0:00,270,267.41595,264.1522,0,0,0
25/08/2016 0:00,273.5,267.61195,264.11698,0.012879663,0.012879663,0.012879663
26/08/2016 0:00,274,267.91195,264.22752,0.001826485,0.001826485,0.001826485
29/08/2016 0:00,272.5,268.4737,264.40486,-0.005489492,-0.005489492,-0.005489492
30/08/2016 0:00,272.5,268.6527,264.5238,0,0,0
31/08/2016 0:00,268.5,268.92635,264.64274,-0.0147877,-0.0147877,-0.0147877
1/09/2016 0:00,270,269,264.68168,0.005571045,0.005571045,0.005571045
2/09/2016 0:00,271.5,269.125,264.70328,0.00554018,0.00554018,0.00554018
5/09/2016 0:00,273,269.2,264.8685,0.005509656,0.005509656,0.005509656
6/09/2016 0:00,275.5,269.325,265.12054,0.009115833,0.009115833,0.009115833
7/09/2016 0:00,273.5,269.55,265.61196,-0.007286007,-0.007286007,-0.007286007
8/09/2016 0:00,273,269.775,265.9971,-0.001829827,-0.001829827,-0.001829827
9/09/2016 0:00,273,270.15,266.3817,0,0,0
12/09/2016 0:00,271.5,270.65,266.81364,-0.005509656,-0.005509656,-0.005509656
13/09/2016 0:00,268.5,270.95,267.15878,-0.011111225,-0.011111225,-0.011111225
14/09/2016 0:00,267,271.175,267.4155,-0.005602256,-0.005602256,-0.005602256
15/09/2016 0:00,267,271.25,267.64222,0,0,0
16/09/2016 0:00,267,271.175,267.95416,0,0,0
19/09/2016 0:00,280,271,268.2377,0.047540945,0.047540945,0.047540945
20/09/2016 0:00,276.5,271.575,268.70548,-0.012578782,-0.012578782,-0.012578782
21/09/2016 0:00,276,271.9,269.02752,-0.001809955,-0.001809955,-0.001809955
22/09/2016 0:00,276,272.2,269.24486,0,0,0
23/09/2016 0:00,277.5,272.325,269.42432,0.005420067,0.005420067,0.005420067
26/09/2016 0:00,277.5,272.5,269.60538,0,0,0
27/09/2016 0:00,277.5,272.75,269.75804,0,0,0
28/09/2016 0:00,277.5,273,269.92016,0,0,0
29/09/2016 0:00,284.5,273.45,270.1107,0.02491232,0.02491232,0.02491232
30/09/2016 0:00,280.5,274.175,270.55486,-0.014159529,-0.014159529,-0.014159529
3/10/2016 0:00,283.5,274.625,270.87168,0.010638398,0.010638398,0.010638398
4/10/2016 0:00,284,275.15,271.22956,0.001762115,0.001762115,0.001762115
5/10/2016 0:00,283.5,275.575,271.61638,-0.001762115,-0.001762115,-0.001762115
6/10/2016 0:00,282,276.075,271.96478,-0.005305052,-0.005305052,-0.005305052
7/10/2016 0:00,279,276.525,272.25478,-0.010695289,-0.010695289,-0.010695289
10/10/2016 0:00,279,276.825,272.57948,0,0,0
11/10/2016 0:00,282,277.2,272.78108,0.010695289,0.010695289,0.010695289
12/10/2016 0:00,282,277.875,273.08054,0,0,0
13/10/2016 0:00,282,278.625,273.38,0,0,0
14/10/2016 0:00,279.5,279.375,273.67,-0.008904778,-0.008904778,-0.008904778
17/10/2016 0:00,280,280,273.86,0.001787311,0.001787311,0.001787311
18/10/2016 0:00,280,280,274.05,0,0,0
19/10/2016 0:00,280,280.175,274.23,0,0,0
20/10/2016 0:00,282,280.375,274.45,0.007117468,0.007117468,0.007117468
21/10/2016 0:00,279.5,280.675,274.78,-0.008904778,-0.008904778,-0.008904778
24/10/2016 0:00,280.5,280.775,275.11,0.003571432,0.003571432,0.003571432
25/10/2016 0:00,280,280.925,275.41,-0.001784122,-0.001784122,-0.001784122
26/10/2016 0:00,281.5,281.05,275.73,0.005342844,0.005342844,0.005342844
27/10/2016 0:00,281,281.25,276.05,-0.001777778,-0.001777778,-0.001777778
28/10/2016 0:00,278,281.075,276.3,-0.010733556,-0.010733556,-0.010733556
31/10/2016 0:00,276.5,280.95,276.45,-0.005410293,-0.005410293,-0.005410293
1/11/2016 0:00,275,280.6,276.61,-0.005439723,-0.005439723,-0.005439723
2/11/2016 0:00,273.5,280.15,276.71,-0.005469476,-0.005469476,-0.005469476
3/11/2016 0:00,272.5,279.65,276.78,-0.003663008,-0.003663008,-0.003663008
4/11/2016 0:00,271,279.175,276.76,-0.005519793,-0.005519793,-0.005519793
7/11/2016 0:00,274,278.775,276.7,0.011009286,0.011009286,0.011009286
8/11/2016 0:00,276,278.525,276.73,0.007272759,0.007272759,0.007272759
9/11/2016 0:00,268.5,278.225,276.8,-0.027549952,-0.027549952,-0.027549952
10/11/2016 0:00,273.5,277.55,276.8,0.018450708,0.018450708,0.018450708
11/11/2016 0:00,262.5,277.125,276.87,-0.04105054,-0.04105054,-0.04105054
14/11/2016 0:00,262.5,276.275,276.69,0,0,0
15/11/2016 0:00,261,275.4,276.48,-0.005730675,0,0.005730675
16/11/2016 0:00,261,274.45,276.19,0,0,0
17/11/2016 0:00,261,273.5,275.94,0,0,0
18/11/2016 0:00,263,272.45,275.7,0.007633625,0,-0.007633625
21/11/2016 0:00,265,271.625,275.5,0.007575794,0,-0.007575794
22/11/2016 0:00,268.5,270.85,275.37,0.013121088,0,-0.013121088
23/11/2016 0:00,268.5,270.275,275.37,0,0,0
24/11/2016 0:00,266,269.625,275.4,-0.009354605,0,0.009354605
25/11/2016 0:00,266.5,268.875,275.38,0.001877935,0,-0.001877935
28/11/2016 0:00,266,268.3,275.37,-0.001877935,0,0.001877935
29/11/2016 0:00,262.5,267.775,275.09,-0.013245227,0,0.013245227
30/11/2016 0:00,264,267.15,274.81,0.005698021,0,-0.005698021
1/12/2016 0:00,263,266.675,274.57,-0.003795071,0,0.003795071
2/12/2016 0:00,261,266.2,274.31,-0.007633625,0,0.007633625
5/12/2016 0:00,261.5,265.7,273.98,0.001913876,0,-0.001913876
6/12/2016 0:00,263,265.075,273.66,0.005719749,0,-0.005719749
7/12/2016 0:00,265.5,264.425,273.37,0.009460809,0,-0.009460809
8/12/2016 0:00,267,264.275,273.13,0.005633818,0,-0.005633818
9/12/2016 0:00,265,263.95,272.78,-0.007518832,0,0.007518832
12/12/2016 0:00,266.5,264.075,272.47,0.005644418,0,-0.005644418
13/12/2016 0:00,267,264.275,272.13,0.001874415,0,-0.001874415
14/12/2016 0:00,266,264.575,271.79,-0.00375235,0,0.00375235
15/12/2016 0:00,266.5,264.825,271.44,0.001877935,0,-0.001877935
16/12/2016 0:00,265,265.1,271.13,-0.005644418,0,0.005644418
19/12/2016 0:00,263.5,265.2,270.85,-0.005676458,0,0.005676458
20/12/2016 0:00,263.5,265.125,270.54,0,0,0
21/12/2016 0:00,263.5,264.875,270.17,0,0,0
22/12/2016 0:00,263,264.625,269.8,-0.001899336,0,0.001899336
23/12/2016 0:00,264,264.475,269.42,0.003795071,0,-0.003795071
26/12/2016 0:00,264,264.35,269.11,0,0,0
27/12/2016 0:00,264.5,264.25,268.79,0.001892148,0,-0.001892148
28/12/2016 0:00,264,264.35,268.48,-0.001892148,0,0.001892148
29/12/2016 0:00,263,264.35,268.16,-0.003795071,0,0.003795071
30/12/2016 0:00,265,264.35,267.78,0.007575794,0,-0.007575794
