Date,Return,,D1,D2,D3,D4,D5
2/01/2012 0:00,-0.017095059,1,1,0,0,0,0
3/01/2012 0:00,0.014447329,2,0,1,0,0,0
4/01/2012 0:00,0.004186424,3,0,0,1,0,0
5/01/2012 0:00,0.006738484,4,0,0,0,1,0
6/01/2012 0:00,-0.001452506,5,0,0,0,0,1
9/01/2012 0:00,-0.003865292,1,1,0,0,0,0
10/01/2012 0:00,0.012027978,2,0,1,0,0,0
11/01/2012 0:00,0.001300173,3,0,0,1,0,0
12/01/2012 0:00,-0.00022677,4,0,0,0,1,0
13/01/2012 0:00,-0.000701559,5,0,0,0,0,1
16/01/2012 0:00,-0.01090932,1,1,0,0,0,0
17/01/2012 0:00,0.016400007,2,0,1,0,0,0
18/01/2012 0:00,0.001744734,3,0,0,1,0,0
30/01/2012 0:00,0.0237316,1,1,0,0,0,0
31/01/2012 0:00,0.014696903,2,0,1,0,0,0
1/02/2012 0:00,0.004265142,3,0,0,1,0,0
2/02/2012 0:00,0.013584243,4,0,0,0,1,0
3/02/2012 0:00,0.002939861,5,0,0,0,0,1
6/02/2012 0:00,0.001691047,1,1,0,0,0,0
7/02/2012 0:00,0.002528021,2,0,1,0,0,0
8/02/2012 0:00,0.020860558,3,0,0,1,0,0
9/02/2012 0:00,0.005179713,4,0,0,0,1,0
10/02/2012 0:00,-0.006150988,5,0,0,0,0,1
13/02/2012 0:00,0.006420251,1,1,0,0,0,0
14/02/2012 0:00,-0.003650076,2,0,1,0,0,0
15/02/2012 0:00,0.01525081,3,0,0,1,0,0
16/02/2012 0:00,-0.017076389,4,0,0,0,1,0
17/02/2012 0:00,0.003128596,5,0,0,0,0,1
20/02/2012 0:00,0.007629449,1,1,0,0,0,0
21/02/2012 0:00,-0.00419743,2,0,1,0,0,0
22/02/2012 0:00,0.01007096,3,0,0,1,0,0
23/02/2012 0:00,-0.008078399,4,0,0,0,1,0
24/02/2012 0:00,0.00277292,5,0,0,0,0,1
29/02/2012 0:00,0.020161409,3,0,0,1,0,0
1/03/2012 0:00,-0.000381791,4,0,0,0,1,0
2/03/2012 0:00,0.003160696,5,0,0,0,0,1
5/03/2012 0:00,-0.017252481,1,1,0,0,0,0
6/03/2012 0:00,-0.008376293,2,0,1,0,0,0
7/03/2012 0:00,-0.004405035,3,0,0,1,0,0
8/03/2012 0:00,0.010257117,4,0,0,0,1,0
9/03/2012 0:00,0.003931078,5,0,0,0,0,1
12/03/2012 0:00,-0.011096753,1,1,0,0,0,0
13/03/2012 0:00,0.013028516,2,0,1,0,0,0
14/03/2012 0:00,0.011605173,3,0,0,1,0,0
15/03/2012 0:00,-0.000448043,4,0,0,0,1,0
16/03/2012 0:00,-0.008244096,5,0,0,0,0,1
19/03/2012 0:00,-0.001369044,1,1,0,0,0,0
20/03/2012 0:00,-0.008893287,2,0,1,0,0,0
21/03/2012 0:00,0.001158252,3,0,0,1,0,0
22/03/2012 0:00,0.009724623,4,0,0,0,1,0
23/03/2012 0:00,0.002066108,5,0,0,0,0,1
26/03/2012 0:00,-0.01358637,1,1,0,0,0,0
27/03/2012 0:00,0.00773143,2,0,1,0,0,0
28/03/2012 0:00,0.00107171,3,0,0,1,0,0
29/03/2012 0:00,-0.020792965,4,0,0,0,1,0
30/03/2012 0:00,0.007635257,5,0,0,0,0,1
2/04/2012 0:00,-0.008875792,1,1,0,0,0,0
3/04/2012 0:00,-0.013063606,2,0,1,0,0,0
5/04/2012 0:00,-0.015717857,4,0,0,0,1,0
6/04/2012 0:00,0.008658936,5,0,0,0,0,1
9/04/2012 0:00,-0.013770225,1,1,0,0,0,0
10/04/2012 0:00,0.005223898,2,0,1,0,0,0
11/04/2012 0:00,0.002090526,3,0,0,1,0,0
12/04/2012 0:00,0.000815949,4,0,0,0,1,0
13/04/2012 0:00,0.016225656,5,0,0,0,0,1
16/04/2012 0:00,-0.007528025,1,1,0,0,0,0
17/04/2012 0:00,-0.018803412,2,0,1,0,0,0
18/04/2012 0:00,0.002518604,3,0,0,1,0,0
19/04/2012 0:00,0.002323392,4,0,0,0,1,0
20/04/2012 0:00,-0.015273431,5,0,0,0,0,1
23/04/2012 0:00,-0.003477404,1,1,0,0,0,0
24/04/2012 0:00,0.002369839,2,0,1,0,0,0
25/04/2012 0:00,0.008543439,3,0,0,1,0,0
26/04/2012 0:00,-0.005546104,4,0,0,0,1,0
27/04/2012 0:00,-0.005446021,5,0,0,0,0,1
30/04/2012 0:00,0.002832721,1,1,0,0,0,0
2/05/2012 0:00,0.023071748,3,0,0,1,0,0
3/05/2012 0:00,-0.002253508,4,0,0,0,1,0
4/05/2012 0:00,0.005393127,5,0,0,0,0,1
7/05/2012 0:00,-0.021376205,1,1,0,0,0,0
8/05/2012 0:00,0.001011667,2,0,1,0,0,0
9/05/2012 0:00,-0.009320092,3,0,0,1,0,0
10/05/2012 0:00,0.00110962,4,0,0,0,1,0
11/05/2012 0:00,-0.011103579,5,0,0,0,0,1
14/05/2012 0:00,-0.003273658,1,1,0,0,0,0
15/05/2012 0:00,0.00249918,2,0,1,0,0,0
16/05/2012 0:00,-0.022019755,3,0,0,1,0,0
17/05/2012 0:00,0.01675008,4,0,0,0,1,0
18/05/2012 0:00,-0.028342212,5,0,0,0,0,1
21/05/2012 0:00,0.005722506,1,1,0,0,0,0
22/05/2012 0:00,0.011427438,2,0,1,0,0,0
23/05/2012 0:00,-0.01763109,3,0,0,1,0,0
24/05/2012 0:00,-0.003203315,4,0,0,0,1,0
25/05/2012 0:00,-0.007503318,5,0,0,0,0,1
28/05/2012 0:00,0.009061407,1,1,0,0,0,0
29/05/2012 0:00,0.028498393,2,0,1,0,0,0
30/05/2012 0:00,-0.011023083,3,0,0,1,0,0
31/05/2012 0:00,0.005452101,4,0,0,0,1,0
1/06/2012 0:00,-0.027127666,5,0,0,0,0,1
4/06/2012 0:00,-0.030204919,1,1,0,0,0,0
5/06/2012 0:00,0.015227239,2,0,1,0,0,0
6/06/2012 0:00,0.007925102,3,0,0,1,0,0
7/06/2012 0:00,0.003418137,4,0,0,0,1,0
8/06/2012 0:00,-0.011457566,5,0,0,0,0,1
11/06/2012 0:00,0.017079892,1,1,0,0,0,0
12/06/2012 0:00,-0.006785377,2,0,1,0,0,0
13/06/2012 0:00,0.002365668,3,0,0,1,0,0
14/06/2012 0:00,-0.001938725,4,0,0,0,1,0
15/06/2012 0:00,0.011345829,5,0,0,0,0,1
18/06/2012 0:00,0.017409465,1,1,0,0,0,0
19/06/2012 0:00,-0.001150166,2,0,1,0,0,0
20/06/2012 0:00,0.008420232,3,0,0,1,0,0
21/06/2012 0:00,-0.007606619,4,0,0,0,1,0
22/06/2012 0:00,-0.007861513,5,0,0,0,0,1
25/06/2012 0:00,-0.00773819,1,1,0,0,0,0
26/06/2012 0:00,-0.003977786,2,0,1,0,0,0
27/06/2012 0:00,0.00629564,3,0,0,1,0,0
28/06/2012 0:00,-0.001867242,4,0,0,0,1,0
29/06/2012 0:00,0.017513359,5,0,0,0,0,1
2/07/2012 0:00,0.006677014,1,1,0,0,0,0
3/07/2012 0:00,0.009916376,2,0,1,0,0,0
4/07/2012 0:00,0.000570042,3,0,0,1,0,0
5/07/2012 0:00,-0.004700777,4,0,0,0,1,0
6/07/2012 0:00,-0.002600904,5,0,0,0,0,1
9/07/2012 0:00,-0.007988554,1,1,0,0,0,0
10/07/2012 0:00,-0.008050125,2,0,1,0,0,0
11/07/2012 0:00,0.000904258,3,0,0,1,0,0
12/07/2012 0:00,-0.017650245,4,0,0,0,1,0
13/07/2012 0:00,-0.003745671,5,0,0,0,0,1
16/07/2012 0:00,-0.002005027,1,1,0,0,0,0
17/07/2012 0:00,0.005199401,2,0,1,0,0,0
18/07/2012 0:00,-0.01099756,3,0,0,1,0,0
19/07/2012 0:00,0.014019484,4,0,0,0,1,0
20/07/2012 0:00,0.002251111,5,0,0,0,0,1
23/07/2012 0:00,-0.019157391,1,1,0,0,0,0
24/07/2012 0:00,-0.002903723,2,0,1,0,0,0
25/07/2012 0:00,-0.004178059,3,0,0,1,0,0
26/07/2012 0:00,-0.001210043,4,0,0,0,1,0
27/07/2012 0:00,0.02182397,5,0,0,0,0,1
30/07/2012 0:00,0.00481535,1,1,0,0,0,0
31/07/2012 0:00,0.015470194,2,0,1,0,0,0
1/08/2012 0:00,-0.00034808,3,0,0,1,0,0
3/08/2012 0:00,-0.006965656,5,0,0,0,0,1
6/08/2012 0:00,0.009490015,1,1,0,0,0,0
7/08/2012 0:00,0.001252231,2,0,1,0,0,0
8/08/2012 0:00,0.003330747,3,0,0,1,0,0
9/08/2012 0:00,0.015440764,4,0,0,0,1,0
10/08/2012 0:00,0.000997649,5,0,0,0,0,1
13/08/2012 0:00,-0.000648004,1,1,0,0,0,0
14/08/2012 0:00,0.005759132,2,0,1,0,0,0
15/08/2012 0:00,-0.001540078,3,0,0,1,0,0
16/08/2012 0:00,0.003004388,4,0,0,0,1,0
17/08/2012 0:00,-0.002980327,5,0,0,0,0,1
20/08/2012 0:00,-0.00483359,1,1,0,0,0,0
21/08/2012 0:00,0.010027704,2,0,1,0,0,0
22/08/2012 0:00,-0.001363689,3,0,0,1,0,0
23/08/2012 0:00,0.001145179,4,0,0,0,1,0
24/08/2012 0:00,-0.003689611,5,0,0,0,0,1
27/08/2012 0:00,-0.001245782,1,1,0,0,0,0
28/08/2012 0:00,-0.014333236,2,0,1,0,0,0
29/08/2012 0:00,0.003959848,3,0,0,1,0,0
30/08/2012 0:00,-0.00267026,4,0,0,0,1,0
31/08/2012 0:00,0.003469566,5,0,0,0,0,1
3/09/2012 0:00,0.00720251,1,1,0,0,0,0
4/09/2012 0:00,0.000110095,2,0,1,0,0,0
5/09/2012 0:00,-0.011324953,3,0,0,1,0,0
6/09/2012 0:00,-0.005542315,4,0,0,0,1,0
7/09/2012 0:00,0.013312616,5,0,0,0,0,1
10/09/2012 0:00,0.007758482,1,1,0,0,0,0
11/09/2012 0:00,0.000319304,2,0,1,0,0,0
12/09/2012 0:00,0.011334167,3,0,0,1,0,0
13/09/2012 0:00,0.001102313,4,0,0,0,1,0
14/09/2012 0:00,0.020794843,5,0,0,0,0,1
17/09/2012 0:00,0.003118711,1,1,0,0,0,0
18/09/2012 0:00,-0.003608623,2,0,1,0,0,0
19/09/2012 0:00,0.006142049,3,0,0,1,0,0
20/09/2012 0:00,-0.007009989,4,0,0,0,1,0
21/09/2012 0:00,0.003493066,5,0,0,0,0,1
24/09/2012 0:00,0.001766419,1,1,0,0,0,0
25/09/2012 0:00,-0.004408338,2,0,1,0,0,0
26/09/2012 0:00,-0.008374628,3,0,0,1,0,0
27/09/2012 0:00,0.001845832,4,0,0,0,1,0
28/09/2012 0:00,0.004073054,5,0,0,0,0,1
1/10/2012 0:00,-0.005125117,1,1,0,0,0,0
2/10/2012 0:00,0.00558126,2,0,1,0,0,0
3/10/2012 0:00,-0.004421173,3,0,0,1,0,0
4/10/2012 0:00,-0.000298047,4,0,0,0,1,0
5/10/2012 0:00,0.001081125,5,0,0,0,0,1
8/10/2012 0:00,-0.009768421,1,1,0,0,0,0
9/10/2012 0:00,-0.003140524,2,0,1,0,0,0
11/10/2012 0:00,-0.018651441,4,0,0,0,1,0
12/10/2012 0:00,-0.001971982,5,0,0,0,0,1
15/10/2012 0:00,-0.00244214,1,1,0,0,0,0
16/10/2012 0:00,0.007000754,2,0,1,0,0,0
17/10/2012 0:00,-0.000886499,3,0,0,1,0,0
18/10/2012 0:00,0.000135334,4,0,0,0,1,0
19/10/2012 0:00,-0.007617321,5,0,0,0,0,1
22/10/2012 0:00,-0.004832943,1,1,0,0,0,0
23/10/2012 0:00,-0.004834653,2,0,1,0,0,0
24/10/2012 0:00,-0.003084843,3,0,0,1,0,0
25/10/2012 0:00,-0.007244314,4,0,0,0,1,0
26/10/2012 0:00,-0.017785794,5,0,0,0,0,1
29/10/2012 0:00,-0.005959661,1,1,0,0,0,0
30/10/2012 0:00,0.012739176,2,0,1,0,0,0
31/10/2012 0:00,-0.002305451,3,0,0,1,0,0
1/11/2012 0:00,0.001894693,4,0,0,0,1,0
2/11/2012 0:00,0.004284905,5,0,0,0,0,1
5/11/2012 0:00,-0.003488563,1,1,0,0,0,0
6/11/2012 0:00,0.007116958,2,0,1,0,0,0
7/11/2012 0:00,0.006954102,3,0,0,1,0,0
8/11/2012 0:00,-0.00613228,4,0,0,0,1,0
9/11/2012 0:00,0.006960795,5,0,0,0,0,1
12/11/2012 0:00,-0.003498426,1,1,0,0,0,0
13/11/2012 0:00,-0.018287378,2,0,1,0,0,0
14/11/2012 0:00,0.00331569,3,0,0,1,0,0
15/11/2012 0:00,-0.002224639,4,0,0,0,1,0
16/11/2012 0:00,-0.001929398,5,0,0,0,0,1
19/11/2012 0:00,-0.000144439,1,1,0,0,0,0
20/11/2012 0:00,0.002343988,2,0,1,0,0,0
21/11/2012 0:00,-0.008048201,3,0,0,1,0,0
22/11/2012 0:00,0.002433315,4,0,0,0,1,0
23/11/2012 0:00,0.030525308,5,0,0,0,0,1
26/11/2012 0:00,0.011044469,1,1,0,0,0,0
27/11/2012 0:00,0.003077336,2,0,1,0,0,0
28/11/2012 0:00,0.000636386,3,0,0,1,0,0
29/11/2012 0:00,0.009187027,4,0,0,0,1,0
30/11/2012 0:00,0.010159401,5,0,0,0,0,1
3/12/2012 0:00,0.002600809,1,1,0,0,0,0
4/12/2012 0:00,0.000140758,2,0,1,0,0,0
5/12/2012 0:00,0.006304248,3,0,0,1,0,0
6/12/2012 0:00,-0.003377363,4,0,0,0,1,0
7/12/2012 0:00,0.002489271,5,0,0,0,0,1
10/12/2012 0:00,-0.004295874,1,1,0,0,0,0
11/12/2012 0:00,0.000550468,2,0,1,0,0,0
12/12/2012 0:00,0.009997548,3,0,0,1,0,0
13/12/2012 0:00,0.008661761,4,0,0,0,1,0
14/12/2012 0:00,-0.007546665,5,0,0,0,0,1
17/12/2012 0:00,-0.008805016,1,1,0,0,0,0
18/12/2012 0:00,0.001631481,2,0,1,0,0,0
19/12/2012 0:00,0.004403051,3,0,0,1,0,0
20/12/2012 0:00,-0.010739399,4,0,0,0,1,0
21/12/2012 0:00,-0.009993842,5,0,0,0,0,1
24/12/2012 0:00,0.002070991,1,1,0,0,0,0
25/12/2012 0:00,0.013320683,2,0,1,0,0,0
26/12/2012 0:00,-0.000311691,3,0,0,1,0,0
27/12/2012 0:00,0.001860968,4,0,0,0,1,0
28/12/2012 0:00,0.006657588,5,0,0,0,0,1
2/01/2013 0:00,0.010300712,3,0,0,1,0,0
3/01/2013 0:00,0.007379568,4,0,0,0,1,0
4/01/2013 0:00,-0.003944254,5,0,0,0,0,1
7/01/2013 0:00,-0.006542036,1,1,0,0,0,0
8/01/2013 0:00,-0.004319995,2,0,1,0,0,0
9/01/2013 0:00,0.002196592,3,0,0,1,0,0
10/01/2013 0:00,0.009388967,4,0,0,0,1,0
11/01/2013 0:00,0.000960894,5,0,0,0,0,1
14/01/2013 0:00,0.000616285,1,1,0,0,0,0
15/01/2013 0:00,-0.007563091,2,0,1,0,0,0
16/01/2013 0:00,-0.00835284,3,0,0,1,0,0
17/01/2013 0:00,-0.010940849,4,0,0,0,1,0
18/01/2013 0:00,0.015144744,5,0,0,0,0,1
21/01/2013 0:00,-0.001028633,1,1,0,0,0,0
22/01/2013 0:00,0.004414904,2,0,1,0,0,0
23/01/2013 0:00,-0.001924744,3,0,0,1,0,0
24/01/2013 0:00,-0.006242172,4,0,0,0,1,0
25/01/2013 0:00,-0.0030465,5,0,0,0,0,1
28/01/2013 0:00,0.005470756,1,1,0,0,0,0
29/01/2013 0:00,0.01125641,2,0,1,0,0,0
30/01/2013 0:00,0.003962911,3,0,0,1,0,0
31/01/2013 0:00,0.002173059,4,0,0,0,1,0
1/02/2013 0:00,0.000757698,5,0,0,0,0,1
4/02/2013 0:00,0.008516356,1,1,0,0,0,0
5/02/2013 0:00,-0.004581916,2,0,1,0,0,0
6/02/2013 0:00,0.002495946,3,0,0,1,0,0
18/02/2013 0:00,0.004653569,1,1,0,0,0,0
19/02/2013 0:00,0.002181798,2,0,1,0,0,0
20/02/2013 0:00,0.008532922,3,0,0,1,0,0
21/02/2013 0:00,-0.008962606,4,0,0,0,1,0
22/02/2013 0:00,-0.001224726,5,0,0,0,0,1
25/02/2013 0:00,-5.04E-06,1,1,0,0,0,0
26/02/2013 0:00,-0.008437986,2,0,1,0,0,0
27/02/2013 0:00,0.00216493,3,0,0,1,0,0
28/02/2013 0:00,0,4,0,0,0,1,0
1/03/2013 0:00,0.008403446,5,0,0,0,0,1
4/03/2013 0:00,-0.012290481,1,1,0,0,0,0
5/03/2013 0:00,0.00827472,2,0,1,0,0,0
6/03/2013 0:00,0.002214927,3,0,0,1,0,0
7/03/2013 0:00,0.0012834,4,0,0,0,1,0
8/03/2013 0:00,0.006839232,5,0,0,0,0,1
11/03/2013 0:00,0.002937623,1,1,0,0,0,0
12/03/2013 0:00,-0.005489825,2,0,1,0,0,0
13/03/2013 0:00,0.000100037,3,0,0,1,0,0
14/03/2013 0:00,-0.005486846,4,0,0,0,1,0
15/03/2013 0:00,-0.003056763,5,0,0,0,0,1
18/03/2013 0:00,-0.014759991,1,1,0,0,0,0
19/03/2013 0:00,0.003467186,2,0,1,0,0,0
20/03/2013 0:00,-0.00517258,3,0,0,1,0,0
21/03/2013 0:00,0.001769401,4,0,0,0,1,0
22/03/2013 0:00,-0.002001483,5,0,0,0,0,1
25/03/2013 0:00,0.007653832,1,1,0,0,0,0
26/03/2013 0:00,3.05E-05,2,0,1,0,0,0
27/03/2013 0:00,0.004794816,3,0,0,1,0,0
28/03/2013 0:00,-0.003456667,4,0,0,0,1,0
29/03/2013 0:00,0.006554141,5,0,0,0,0,1
1/04/2013 0:00,-0.002449086,1,1,0,0,0,0
2/04/2013 0:00,0.001763164,2,0,1,0,0,0
3/04/2013 0:00,0.003679468,3,0,0,1,0,0
8/04/2013 0:00,-0.02415643,1,1,0,0,0,0
9/04/2013 0:00,-0.003132808,2,0,1,0,0,0
10/04/2013 0:00,0.003134068,3,0,0,1,0,0
11/04/2013 0:00,0.01347553,4,0,0,0,1,0
12/04/2013 0:00,-0.004636616,5,0,0,0,0,1
15/04/2013 0:00,-0.007455858,1,1,0,0,0,0
16/04/2013 0:00,0.004821215,2,0,1,0,0,0
17/04/2013 0:00,0.001027541,3,0,0,1,0,0
18/04/2013 0:00,-0.0022717,4,0,0,0,1,0
19/04/2013 0:00,0.017739732,5,0,0,0,0,1
22/04/2013 0:00,0.004978267,1,1,0,0,0,0
23/04/2013 0:00,-0.003470072,2,0,1,0,0,0
24/04/2013 0:00,0.01013882,3,0,0,1,0,0
25/04/2013 0:00,-0.000244301,4,0,0,0,1,0
26/04/2013 0:00,3.87E-05,5,0,0,0,0,1
29/04/2013 0:00,0.000956924,1,1,0,0,0,0
30/04/2013 0:00,0.00792888,2,0,1,0,0,0
2/05/2013 0:00,0.004296548,4,0,0,0,1,0
3/05/2013 0:00,0.000801796,5,0,0,0,0,1
6/05/2013 0:00,0.004173197,1,1,0,0,0,0
7/05/2013 0:00,-0.000733493,2,0,1,0,0,0
8/05/2013 0:00,0.012663448,3,0,0,1,0,0
9/05/2013 0:00,0.002271472,4,0,0,0,1,0
10/05/2013 0:00,-0.000679685,5,0,0,0,0,1
13/05/2013 0:00,-0.003864759,1,1,0,0,0,0
14/05/2013 0:00,0.000424239,2,0,1,0,0,0
15/05/2013 0:00,0.008058931,3,0,0,1,0,0
16/05/2013 0:00,0.008553706,4,0,0,0,1,0
17/05/2013 0:00,-0.002608793,5,0,0,0,0,1
20/05/2013 0:00,0.001058137,1,1,0,0,0,0
21/05/2013 0:00,0.000715986,2,0,1,0,0,0
22/05/2013 0:00,0.001881796,3,0,0,1,0,0
23/05/2013 0:00,-0.019356613,4,0,0,0,1,0
24/05/2013 0:00,-0.003410809,5,0,0,0,0,1
27/05/2013 0:00,0.008528839,1,1,0,0,0,0
28/05/2013 0:00,-0.002061253,2,0,1,0,0,0
29/05/2013 0:00,0.009017688,3,0,0,1,0,0
30/05/2013 0:00,-0.011411892,4,0,0,0,1,0
31/05/2013 0:00,0.001395285,5,0,0,0,0,1
3/06/2013 0:00,-0.006536346,1,1,0,0,0,0
4/06/2013 0:00,-0.001195604,2,0,1,0,0,0
5/06/2013 0:00,-0.001137236,3,0,0,1,0,0
6/06/2013 0:00,-0.010538217,4,0,0,0,1,0
7/06/2013 0:00,-0.000116104,5,0,0,0,0,1
10/06/2013 0:00,0.008040227,1,1,0,0,0,0
11/06/2013 0:00,-0.005455653,2,0,1,0,0,0
13/06/2013 0:00,-0.02047516,4,0,0,0,1,0
14/06/2013 0:00,-0.001752102,5,0,0,0,0,1
17/06/2013 0:00,0.006923784,1,1,0,0,0,0
18/06/2013 0:00,0.002265683,2,0,1,0,0,0
19/06/2013 0:00,-0.000453214,3,0,0,1,0,0
20/06/2013 0:00,-0.013640087,4,0,0,0,1,0
21/06/2013 0:00,-0.013459114,5,0,0,0,0,1
24/06/2013 0:00,-0.004537273,1,1,0,0,0,0
25/06/2013 0:00,-0.012294845,2,0,1,0,0,0
26/06/2013 0:00,0.015739526,3,0,0,1,0,0
27/06/2013 0:00,0.012649604,4,0,0,0,1,0
28/06/2013 0:00,0.022365015,5,0,0,0,0,1
1/07/2013 0:00,-0.003256261,1,1,0,0,0,0
2/07/2013 0:00,-0.002509385,2,0,1,0,0,0
3/07/2013 0:00,-0.013114787,3,0,0,1,0,0
4/07/2013 0:00,-0.002239742,4,0,0,0,1,0
5/07/2013 0:00,0.01360146,5,0,0,0,0,1
8/07/2013 0:00,-0.014536865,1,1,0,0,0,0
9/07/2013 0:00,0.01070043,2,0,1,0,0,0
10/07/2013 0:00,0.005069159,3,0,0,1,0,0
11/07/2013 0:00,0.020734201,4,0,0,0,1,0
12/07/2013 0:00,0.004993927,5,0,0,0,0,1
15/07/2013 0:00,0.004150428,1,1,0,0,0,0
16/07/2013 0:00,0.000657673,2,0,1,0,0,0
17/07/2013 0:00,-0.000140463,3,0,0,1,0,0
18/07/2013 0:00,-0.00778793,4,0,0,0,1,0
19/07/2013 0:00,-0.016344195,5,0,0,0,0,1
22/07/2013 0:00,0.00537134,1,1,0,0,0,0
23/07/2013 0:00,0.013382494,2,0,1,0,0,0
24/07/2013 0:00,-0.002249729,3,0,0,1,0,0
25/07/2013 0:00,-0.003986657,4,0,0,0,1,0
26/07/2013 0:00,-0.001738515,5,0,0,0,0,1
29/07/2013 0:00,-0.007995645,1,1,0,0,0,0
30/07/2013 0:00,0.009730451,2,0,1,0,0,0
31/07/2013 0:00,-0.006835278,3,0,0,1,0,0
1/08/2013 0:00,-0.006399331,4,0,0,0,1,0
2/08/2013 0:00,0.005404742,5,0,0,0,0,1
5/08/2013 0:00,0.004772614,1,1,0,0,0,0
6/08/2013 0:00,-0.012328326,2,0,1,0,0,0
7/08/2013 0:00,-0.014739445,3,0,0,1,0,0
8/08/2013 0:00,-0.001720912,4,0,0,0,1,0
9/08/2013 0:00,-0.006537756,5,0,0,0,0,1
12/08/2013 0:00,0.005995092,1,1,0,0,0,0
13/08/2013 0:00,0.010433318,2,0,1,0,0,0
14/08/2013 0:00,-0.0043846,3,0,0,1,0,0
15/08/2013 0:00,-0.00809045,4,0,0,0,1,0
16/08/2013 0:00,0.00477355,5,0,0,0,0,1
19/08/2013 0:00,-0.003132983,1,1,0,0,0,0
20/08/2013 0:00,-0.008588454,2,0,1,0,0,0
22/08/2013 0:00,-0.002335271,4,0,0,0,1,0
23/08/2013 0:00,0.007512955,5,0,0,0,0,1
26/08/2013 0:00,0.002747309,1,1,0,0,0,0
27/08/2013 0:00,-0.009433929,2,0,1,0,0,0
28/08/2013 0:00,0.000473008,3,0,0,1,0,0
29/08/2013 0:00,0.011830774,4,0,0,0,1,0
30/08/2013 0:00,0.013078345,5,0,0,0,0,1
2/09/2013 0:00,0.002113193,1,1,0,0,0,0
3/09/2013 0:00,0.006139977,2,0,1,0,0,0
4/09/2013 0:00,-0.000609725,3,0,0,1,0,0
5/09/2013 0:00,0.010541238,4,0,0,0,1,0
6/09/2013 0:00,-0.000599989,5,0,0,0,0,1
9/09/2013 0:00,0.003412773,1,1,0,0,0,0
10/09/2013 0:00,0.002031499,2,0,1,0,0,0
11/09/2013 0:00,2.69E-05,3,0,0,1,0,0
12/09/2013 0:00,0.001992184,4,0,0,0,1,0
13/09/2013 0:00,-0.006973517,5,0,0,0,0,1
16/09/2013 0:00,0.010611654,1,1,0,0,0,0
17/09/2013 0:00,-0.000673678,2,0,1,0,0,0
18/09/2013 0:00,-0.004933564,3,0,0,1,0,0
23/09/2013 0:00,0.010138293,1,1,0,0,0,0
24/09/2013 0:00,0.000758204,2,0,1,0,0,0
25/09/2013 0:00,-0.00183558,3,0,0,1,0,0
26/09/2013 0:00,-0.012049783,4,0,0,0,1,0
27/09/2013 0:00,0.005604462,5,0,0,0,0,1
30/09/2013 0:00,-0.006926103,1,1,0,0,0,0
1/10/2013 0:00,0.00160748,2,0,1,0,0,0
2/10/2013 0:00,0.003596729,3,0,0,1,0,0
3/10/2013 0:00,0.017194434,4,0,0,0,1,0
4/10/2013 0:00,0.000661375,5,0,0,0,0,1
7/10/2013 0:00,-0.00369976,1,1,0,0,0,0
8/10/2013 0:00,0.005025979,2,0,1,0,0,0
9/10/2013 0:00,-0.003698475,3,0,0,1,0,0
11/10/2013 0:00,0.000555843,5,0,0,0,0,1
14/10/2013 0:00,-0.009072872,1,1,0,0,0,0
15/10/2013 0:00,0.011287324,2,0,1,0,0,0
16/10/2013 0:00,-0.004275464,3,0,0,1,0,0
17/10/2013 0:00,0.005087742,4,0,0,0,1,0
18/10/2013 0:00,0.007910514,5,0,0,0,0,1
21/10/2013 0:00,-0.002594243,1,1,0,0,0,0
22/10/2013 0:00,-0.000124814,2,0,1,0,0,0
23/10/2013 0:00,-0.002932381,3,0,0,1,0,0
24/10/2013 0:00,0.002391767,4,0,0,0,1,0
25/10/2013 0:00,-0.008006994,5,0,0,0,0,1
28/10/2013 0:00,0.007306743,1,1,0,0,0,0
29/10/2013 0:00,0.001562843,2,0,1,0,0,0
30/10/2013 0:00,0.005220786,3,0,0,1,0,0
31/10/2013 0:00,-0.001773562,4,0,0,0,1,0
1/11/2013 0:00,-0.007349956,5,0,0,0,0,1
4/11/2013 0:00,-0.004066352,1,1,0,0,0,0
5/11/2013 0:00,-0.011066263,2,0,1,0,0,0
6/11/2013 0:00,0.00238991,3,0,0,1,0,0
7/11/2013 0:00,0.000210101,4,0,0,0,1,0
8/11/2013 0:00,-0.006554754,5,0,0,0,0,1
11/11/2013 0:00,-0.005731109,1,1,0,0,0,0
12/11/2013 0:00,0.001550842,2,0,1,0,0,0
13/11/2013 0:00,-0.011166089,3,0,0,1,0,0
14/11/2013 0:00,0.003774876,4,0,0,0,1,0
15/11/2013 0:00,0.005175328,5,0,0,0,0,1
18/11/2013 0:00,0.001752119,1,1,0,0,0,0
19/11/2013 0:00,0.008357863,2,0,1,0,0,0
20/11/2013 0:00,-0.006772102,3,0,0,1,0,0
21/11/2013 0:00,-0.012881722,4,0,0,0,1,0
22/11/2013 0:00,0.002137315,5,0,0,0,0,1
25/11/2013 0:00,0.008676296,1,1,0,0,0,0
26/11/2013 0:00,0.007363321,2,0,1,0,0,0
27/11/2013 0:00,0.005785877,3,0,0,1,0,0
28/11/2013 0:00,0.007990025,4,0,0,0,1,0
29/11/2013 0:00,0.005295463,5,0,0,0,0,1
2/12/2013 0:00,0.000925043,1,1,0,0,0,0
3/12/2013 0:00,-0.002625138,2,0,1,0,0,0
4/12/2013 0:00,0.003027886,3,0,0,1,0,0
5/12/2013 0:00,-0.005056712,4,0,0,0,1,0
6/12/2013 0:00,-0.000934145,5,0,0,0,0,1
9/12/2013 0:00,0.009148153,1,1,0,0,0,0
10/12/2013 0:00,-0.000145721,2,0,1,0,0,0
11/12/2013 0:00,-0.001140016,3,0,0,1,0,0
12/12/2013 0:00,-0.008626314,4,0,0,0,1,0
13/12/2013 0:00,0.001865229,5,0,0,0,0,1
16/12/2013 0:00,-0.007557525,1,1,0,0,0,0
17/12/2013 0:00,0.00468712,2,0,1,0,0,0
18/12/2013 0:00,-0.000465771,3,0,0,1,0,0
19/12/2013 0:00,0.00696575,4,0,0,0,1,0
20/12/2013 0:00,0.000134382,5,0,0,0,0,1
23/12/2013 0:00,0.005683942,1,1,0,0,0,0
24/12/2013 0:00,-0.000706186,2,0,1,0,0,0
25/12/2013 0:00,0.002041528,3,0,0,1,0,0
26/12/2013 0:00,0.00213876,4,0,0,0,1,0
27/12/2013 0:00,0.005775305,5,0,0,0,0,1
30/12/2013 0:00,0.010302834,1,1,0,0,0,0
31/12/2013 0:00,-0.001383228,2,0,1,0,0,0
2/01/2014 0:00,0.000119632,4,0,0,0,1,0
3/01/2014 0:00,-0.007692758,5,0,0,0,0,1
6/01/2014 0:00,-0.005459215,1,1,0,0,0,0
7/01/2014 0:00,0.001444841,2,0,1,0,0,0
8/01/2014 0:00,0.005121779,3,0,0,1,0,0
9/01/2014 0:00,-0.004842237,4,0,0,0,1,0
10/01/2014 0:00,0.001721415,5,0,0,0,0,1
13/01/2014 0:00,0.004311139,1,1,0,0,0,0
14/01/2014 0:00,-0.002110576,2,0,1,0,0,0
15/01/2014 0:00,0.006344974,3,0,0,1,0,0
16/01/2014 0:00,0.001110745,4,0,0,0,1,0
17/01/2014 0:00,-0.001872414,5,0,0,0,0,1
20/01/2014 0:00,0.002969014,1,1,0,0,0,0
21/01/2014 0:00,-0.002515372,2,0,1,0,0,0
22/01/2014 0:00,0.002949102,3,0,0,1,0,0
23/01/2014 0:00,-0.003507494,4,0,0,0,1,0
24/01/2014 0:00,0.000373394,5,0,0,0,0,1
27/01/2014 0:00,-0.015912675,1,1,0,0,0,0
5/02/2014 0:00,-0.023686077,3,0,0,1,0,0
6/02/2014 0:00,0.005614243,4,0,0,0,1,0
7/02/2014 0:00,0.009143458,5,0,0,0,0,1
10/02/2014 0:00,0.000548364,1,1,0,0,0,0
11/02/2014 0:00,0.004590212,2,0,1,0,0,0
12/02/2014 0:00,0.009481036,3,0,0,1,0,0
13/02/2014 0:00,-0.005085236,4,0,0,0,1,0
14/02/2014 0:00,0.005415297,5,0,0,0,0,1
17/02/2014 0:00,0.000689255,1,1,0,0,0,0
18/02/2014 0:00,0.004296228,2,0,1,0,0,0
19/02/2014 0:00,0.002425613,3,0,0,1,0,0
20/02/2014 0:00,-0.006126879,4,0,0,0,1,0
21/02/2014 0:00,0.009020039,5,0,0,0,0,1
24/02/2014 0:00,-0.00480701,1,1,0,0,0,0
25/02/2014 0:00,0.001751817,2,0,1,0,0,0
26/02/2014 0:00,0.002938932,3,0,0,1,0,0
27/02/2014 0:00,0.00449174,4,0,0,0,1,0
3/03/2014 0:00,-0.004361516,1,1,0,0,0,0
4/03/2014 0:00,-0.005530323,2,0,1,0,0,0
5/03/2014 0:00,0.009121784,3,0,0,1,0,0
6/03/2014 0:00,0.009322908,4,0,0,0,1,0
7/03/2014 0:00,1.95E-05,5,0,0,0,0,1
10/03/2014 0:00,-0.005606685,1,1,0,0,0,0
11/03/2014 0:00,0.004271167,2,0,1,0,0,0
12/03/2014 0:00,-0.00202445,3,0,0,1,0,0
13/03/2014 0:00,0.007234736,4,0,0,0,1,0
14/03/2014 0:00,-0.00690094,5,0,0,0,0,1
17/03/2014 0:00,0.001434314,1,1,0,0,0,0
18/03/2014 0:00,0.003653142,2,0,1,0,0,0
19/03/2014 0:00,-0.004876824,3,0,0,1,0,0
20/03/2014 0:00,-0.010659093,4,0,0,0,1,0
21/03/2014 0:00,-0.002347686,5,0,0,0,0,1
24/03/2014 0:00,0.003283562,1,1,0,0,0,0
25/03/2014 0:00,0.009704786,2,0,1,0,0,0
26/03/2014 0:00,0.005505369,3,0,0,1,0,0
27/03/2014 0:00,0.004829737,4,0,0,0,1,0
28/03/2014 0:00,-0.000561764,5,0,0,0,0,1
31/03/2014 0:00,0.008470428,1,1,0,0,0,0
1/04/2014 0:00,0.002693776,2,0,1,0,0,0
2/04/2014 0:00,0.003633564,3,0,0,1,0,0
3/04/2014 0:00,-0.00190066,4,0,0,0,1,0
7/04/2014 0:00,-0.001362187,1,1,0,0,0,0
8/04/2014 0:00,0.001329556,2,0,1,0,0,0
9/04/2014 0:00,0.004750078,3,0,0,1,0,0
10/04/2014 0:00,0.001960918,4,0,0,0,1,0
11/04/2014 0:00,-0.004485835,5,0,0,0,0,1
14/04/2014 0:00,-0.005699823,1,1,0,0,0,0
15/04/2014 0:00,0.006671523,2,0,1,0,0,0
16/04/2014 0:00,0.000797101,3,0,0,1,0,0
17/04/2014 0:00,0.002276682,4,0,0,0,1,0
18/04/2014 0:00,0.002512449,5,0,0,0,0,1
21/04/2014 0:00,-0.00172674,1,1,0,0,0,0
22/04/2014 0:00,0.002624085,2,0,1,0,0,0
23/04/2014 0:00,-0.001984208,3,0,0,1,0,0
24/04/2014 0:00,-0.001281364,4,0,0,0,1,0
25/04/2014 0:00,-0.019338552,5,0,0,0,0,1
28/04/2014 0:00,0.004048025,1,1,0,0,0,0
29/04/2014 0:00,0.00705817,2,0,1,0,0,0
30/04/2014 0:00,-0.009134118,3,0,0,1,0,0
2/05/2014 0:00,0.008594074,5,0,0,0,0,1
5/05/2014 0:00,0.000350594,1,1,0,0,0,0
6/05/2014 0:00,0.004719166,2,0,1,0,0,0
7/05/2014 0:00,-0.002153246,3,0,0,1,0,0
8/05/2014 0:00,0.004228059,4,0,0,0,1,0
9/05/2014 0:00,-0.004624991,5,0,0,0,0,1
12/05/2014 0:00,-0.009162534,1,1,0,0,0,0
13/05/2014 0:00,0.001058639,2,0,1,0,0,0
14/05/2014 0:00,0.00646805,3,0,0,1,0,0
15/05/2014 0:00,0.000618416,4,0,0,0,1,0
16/05/2014 0:00,0.000877907,5,0,0,0,0,1
19/05/2014 0:00,0.001287381,1,1,0,0,0,0
20/05/2014 0:00,-0.001361655,2,0,1,0,0,0
21/05/2014 0:00,-0.002858573,3,0,0,1,0,0
22/05/2014 0:00,0.012024557,4,0,0,0,1,0
23/05/2014 0:00,0.00429305,5,0,0,0,0,1
26/05/2014 0:00,0.003092428,1,1,0,0,0,0
27/05/2014 0:00,0.00211923,2,0,1,0,0,0
28/05/2014 0:00,0.007308161,3,0,0,1,0,0
29/05/2014 0:00,-0.001394346,4,0,0,0,1,0
30/05/2014 0:00,-0.003639268,5,0,0,0,0,1
3/06/2014 0:00,0.005225446,2,0,1,0,0,0
4/06/2014 0:00,-0.0003837,3,0,0,1,0,0
5/06/2014 0:00,0.002273713,4,0,0,0,1,0
6/06/2014 0:00,-0.000685057,5,0,0,0,0,1
9/06/2014 0:00,0.003091216,1,1,0,0,0,0
10/06/2014 0:00,0.006486781,2,0,1,0,0,0
11/06/2014 0:00,0.000805292,3,0,0,1,0,0
12/06/2014 0:00,-0.002728525,4,0,0,0,1,0
13/06/2014 0:00,-0.000897856,5,0,0,0,0,1
16/06/2014 0:00,0.0007109,1,1,0,0,0,0
17/06/2014 0:00,0.004084899,2,0,1,0,0,0
18/06/2014 0:00,0.004247194,3,0,0,1,0,0
19/06/2014 0:00,0.003966279,4,0,0,0,1,0
20/06/2014 0:00,-0.004628103,5,0,0,0,0,1
23/06/2014 0:00,-0.004911921,1,1,0,0,0,0
24/06/2014 0:00,0.001932452,2,0,1,0,0,0
25/06/2014 0:00,-0.000437036,3,0,0,1,0,0
26/06/2014 0:00,0.008487887,4,0,0,0,1,0
27/06/2014 0:00,-0.00151498,5,0,0,0,0,1
30/06/2014 0:00,0.009223669,1,1,0,0,0,0
1/07/2014 0:00,0.005187124,2,0,1,0,0,0
2/07/2014 0:00,0.004548041,3,0,0,1,0,0
3/07/2014 0:00,0.004341714,4,0,0,0,1,0
4/07/2014 0:00,-0.001699982,5,0,0,0,0,1
7/07/2014 0:00,0.001066764,1,1,0,0,0,0
8/07/2014 0:00,0.001131717,2,0,1,0,0,0
9/07/2014 0:00,-0.00431104,3,0,0,1,0,0
10/07/2014 0:00,0.007886606,4,0,0,0,1,0
11/07/2014 0:00,-0.007269369,5,0,0,0,0,1
14/07/2014 0:00,0.002572549,1,1,0,0,0,0
15/07/2014 0:00,0.005120124,2,0,1,0,0,0
16/07/2014 0:00,-0.008863278,3,0,0,1,0,0
17/07/2014 0:00,-0.00809726,4,0,0,0,1,0
18/07/2014 0:00,-0.000773079,5,0,0,0,0,1
21/07/2014 0:00,0.004245854,1,1,0,0,0,0
22/07/2014 0:00,0.006165765,2,0,1,0,0,0
23/07/2014 0:00,0,3,0,0,1,0,0
24/07/2014 0:00,0.002962091,4,0,0,0,1,0
25/07/2014 0:00,-0.009305787,5,0,0,0,0,1
28/07/2014 0:00,-0.002026606,1,1,0,0,0,0
29/07/2014 0:00,-0.00300869,2,0,1,0,0,0
30/07/2014 0:00,0.005853825,3,0,0,1,0,0
31/07/2014 0:00,-0.01398209,4,0,0,0,1,0
1/08/2014 0:00,-0.005310408,5,0,0,0,0,1
4/08/2014 0:00,0.006848625,1,1,0,0,0,0
5/08/2014 0:00,-0.020437456,2,0,1,0,0,0
6/08/2014 0:00,0.000276647,3,0,0,1,0,0
7/08/2014 0:00,-0.001371165,4,0,0,0,1,0
8/08/2014 0:00,-0.00499309,5,0,0,0,0,1
11/08/2014 0:00,0.009524231,1,1,0,0,0,0
12/08/2014 0:00,-0.001067847,2,0,1,0,0,0
13/08/2014 0:00,0.007414176,3,0,0,1,0,0
14/08/2014 0:00,-7.57E-05,4,0,0,0,1,0
15/08/2014 0:00,-0.002581792,5,0,0,0,0,1
18/08/2014 0:00,-0.007139727,1,1,0,0,0,0
19/08/2014 0:00,0.011147268,2,0,1,0,0,0
20/08/2014 0:00,0.004777684,3,0,0,1,0,0
21/08/2014 0:00,-0.003739729,4,0,0,0,1,0
22/08/2014 0:00,0.013601505,5,0,0,0,0,1
25/08/2014 0:00,0.001120949,1,1,0,0,0,0
26/08/2014 0:00,0.000355594,2,0,1,0,0,0
27/08/2014 0:00,0.009706863,3,0,0,1,0,0
28/08/2014 0:00,-0.000761415,4,0,0,0,1,0
29/08/2014 0:00,-0.004451648,5,0,0,0,0,1
1/09/2014 0:00,0.008104821,1,1,0,0,0,0
2/09/2014 0:00,-0.011985674,2,0,1,0,0,0
3/09/2014 0:00,0.005371864,3,0,0,1,0,0
4/09/2014 0:00,-0.002273394,4,0,0,0,1,0
5/09/2014 0:00,-0.002224284,5,0,0,0,0,1
9/09/2014 0:00,0.002847692,2,0,1,0,0,0
10/09/2014 0:00,-0.008211798,3,0,0,1,0,0
11/09/2014 0:00,-0.00371083,4,0,0,0,1,0
12/09/2014 0:00,-0.010759277,5,0,0,0,0,1
15/09/2014 0:00,-0.000620339,1,1,0,0,0,0
16/09/2014 0:00,-0.009161441,2,0,1,0,0,0
17/09/2014 0:00,0.006740271,3,0,0,1,0,0
18/09/2014 0:00,0.004542097,4,0,0,0,1,0
19/09/2014 0:00,0.000370172,5,0,0,0,0,1
22/09/2014 0:00,-0.011515689,1,1,0,0,0,0
23/09/2014 0:00,-0.00546118,2,0,1,0,0,0
24/09/2014 0:00,0.001494754,3,0,0,1,0,0
25/09/2014 0:00,-0.009596982,4,0,0,0,1,0
26/09/2014 0:00,-0.002418649,5,0,0,0,0,1
29/09/2014 0:00,-0.003237842,1,1,0,0,0,0
30/09/2014 0:00,0.000687223,2,0,1,0,0,0
1/10/2014 0:00,0.002599501,3,0,0,1,0,0
2/10/2014 0:00,-0.001677591,4,0,0,0,1,0
3/10/2014 0:00,0.014500163,5,0,0,0,0,1
6/10/2014 0:00,-0.001224149,1,1,0,0,0,0
7/10/2014 0:00,-0.005991442,2,0,1,0,0,0
8/10/2014 0:00,-0.009516624,3,0,0,1,0,0
9/10/2014 0:00,0.001256666,4,0,0,0,1,0
13/10/2014 0:00,-0.028857442,1,1,0,0,0,0
14/10/2014 0:00,0.006521845,2,0,1,0,0,0
15/10/2014 0:00,-0.012957084,3,0,0,1,0,0
16/10/2014 0:00,-0.002524044,4,0,0,0,1,0
17/10/2014 0:00,-0.014091745,5,0,0,0,0,1
20/10/2014 0:00,0.017496906,1,1,0,0,0,0
21/10/2014 0:00,-0.00098165,2,0,1,0,0,0
22/10/2014 0:00,0.010824433,3,0,0,1,0,0
23/10/2014 0:00,-0.002032022,4,0,0,0,1,0
24/10/2014 0:00,-0.009790048,5,0,0,0,0,1
27/10/2014 0:00,-0.002110654,1,1,0,0,0,0
28/10/2014 0:00,0.01675423,2,0,1,0,0,0
29/10/2014 0:00,0.014723148,3,0,0,1,0,0
30/10/2014 0:00,-0.001754676,4,0,0,0,1,0
31/10/2014 0:00,0.009706204,5,0,0,0,0,1
3/11/2014 0:00,0.003348304,1,1,0,0,0,0
4/11/2014 0:00,-0.001742874,2,0,1,0,0,0
5/11/2014 0:00,-0.002961277,3,0,0,1,0,0
6/11/2014 0:00,-0.008018594,4,0,0,0,1,0
7/11/2014 0:00,0.002426537,5,0,0,0,0,1
10/11/2014 0:00,0.015294337,1,1,0,0,0,0
11/11/2014 0:00,-0.001751904,2,0,1,0,0,0
12/11/2014 0:00,-0.012832447,3,0,0,1,0,0
13/11/2014 0:00,0.006896233,4,0,0,0,1,0
14/11/2014 0:00,0.000246049,5,0,0,0,0,1
17/11/2014 0:00,-0.011024766,1,1,0,0,0,0
18/11/2014 0:00,-0.002853936,2,0,1,0,0,0
19/11/2014 0:00,0.011689967,3,0,0,1,0,0
20/11/2014 0:00,0.012817954,4,0,0,0,1,0
21/11/2014 0:00,0.001393493,5,0,0,0,0,1
24/11/2014 0:00,0.003382022,1,1,0,0,0,0
25/11/2014 0:00,-0.000667798,2,0,1,0,0,0
26/11/2014 0:00,0.000674329,3,0,0,1,0,0
27/11/2014 0:00,0.004693866,4,0,0,0,1,0
28/11/2014 0:00,0.002380153,5,0,0,0,0,1
1/12/2014 0:00,-0.007587139,1,1,0,0,0,0
2/12/2014 0:00,-0.009135987,2,0,1,0,0,0
3/12/2014 0:00,0.015428021,3,0,0,1,0,0
4/12/2014 0:00,0.005418446,4,0,0,0,1,0
5/12/2014 0:00,-0.002011759,5,0,0,0,0,1
8/12/2014 0:00,-0.002096382,1,1,0,0,0,0
9/12/2014 0:00,-0.006375763,2,0,1,0,0,0
10/12/2014 0:00,-0.010653689,3,0,0,1,0,0
11/12/2014 0:00,-0.002115778,4,0,0,0,1,0
12/12/2014 0:00,0.001580871,5,0,0,0,0,1
15/12/2014 0:00,-0.00463003,1,1,0,0,0,0
16/12/2014 0:00,-0.003871401,2,0,1,0,0,0
17/12/2014 0:00,-0.013785914,3,0,0,1,0,0
18/12/2014 0:00,0.005677946,4,0,0,0,1,0
19/12/2014 0:00,0.013523938,5,0,0,0,0,1
22/12/2014 0:00,0.010553621,1,1,0,0,0,0
23/12/2014 0:00,0.000297917,2,0,1,0,0,0
24/12/2014 0:00,0.009677418,3,0,0,1,0,0
25/12/2014 0:00,-0.002995878,4,0,0,0,1,0
26/12/2014 0:00,0.006027429,5,0,0,0,0,1
29/12/2014 0:00,0.007806374,1,1,0,0,0,0
30/12/2014 0:00,-0.001924104,2,0,1,0,0,0
31/12/2014 0:00,0.004180748,3,0,0,1,0,0
2/01/2015 0:00,0,5,0,0,0,0,1
5/01/2015 0:00,-0.003568031,1,1,0,0,0,0
6/01/2015 0:00,-0.024645387,2,0,1,0,0,0
7/01/2015 0:00,0.003502789,3,0,0,1,0,0
8/01/2015 0:00,0.017244602,4,0,0,0,1,0
9/01/2015 0:00,-0.002433151,5,0,0,0,0,1
12/01/2015 0:00,-0.004053558,1,1,0,0,0,0
13/01/2015 0:00,0.005812044,2,0,1,0,0,0
14/01/2015 0:00,-0.005601715,3,0,0,1,0,0
15/01/2015 0:00,-0.001650626,4,0,0,0,1,0
16/01/2015 0:00,-0.002928402,5,0,0,0,0,1
19/01/2015 0:00,0.003906607,1,1,0,0,0,0
20/01/2015 0:00,0.008426394,2,0,1,0,0,0
21/01/2015 0:00,0.007325224,3,0,0,1,0,0
22/01/2015 0:00,0.005329267,4,0,0,0,1,0
23/01/2015 0:00,0.010767433,5,0,0,0,0,1
26/01/2015 0:00,0.000710289,1,1,0,0,0,0
27/01/2015 0:00,0.004623338,2,0,1,0,0,0
28/01/2015 0:00,-0.001121231,3,0,0,1,0,0
29/01/2015 0:00,-0.008873258,4,0,0,0,1,0
30/01/2015 0:00,-0.006918,5,0,0,0,0,1
2/02/2015 0:00,0.002675367,1,1,0,0,0,0
3/02/2015 0:00,0.006555677,2,0,1,0,0,0
4/02/2015 0:00,0.006875591,3,0,0,1,0,0
5/02/2015 0:00,-0.000196586,4,0,0,0,1,0
6/02/2015 0:00,-0.005890932,5,0,0,0,0,1
9/02/2015 0:00,-0.003674151,1,1,0,0,0,0
10/02/2015 0:00,-0.002955039,2,0,1,0,0,0
11/02/2015 0:00,0.007267726,3,0,0,1,0,0
12/02/2015 0:00,0.003596258,4,0,0,0,1,0
13/02/2015 0:00,0.003490018,5,0,0,0,0,1
16/02/2015 0:00,0,1,1,0,0,0,0
17/02/2015 0:00,0,2,0,1,0,0,0
18/02/2015 0:00,0,3,0,0,1,0,0
20/02/2015 0:00,0,5,0,0,0,0,1
23/02/2015 0:00,0,1,1,0,0,0,0
24/02/2015 0:00,0.01042454,2,0,1,0,0,0
25/02/2015 0:00,0.00726065,3,0,0,1,0,0
26/02/2015 0:00,-0.00801597,4,0,0,0,1,0
27/02/2015 0:00,0,5,0,0,0,0,1
2/03/2015 0:00,-0.002157704,1,1,0,0,0,0
3/03/2015 0:00,0.000459119,2,0,1,0,0,0
4/03/2015 0:00,0.00166022,3,0,0,1,0,0
5/03/2015 0:00,-0.002772638,4,0,0,0,1,0
6/03/2015 0:00,0.005267936,5,0,0,0,0,1
9/03/2015 0:00,-0.008619986,1,1,0,0,0,0
10/03/2015 0:00,-0.002769727,2,0,1,0,0,0
11/03/2015 0:00,-0.001400922,3,0,0,1,0,0
12/03/2015 0:00,0.007617551,4,0,0,0,1,0
13/03/2015 0:00,-0.001736646,5,0,0,0,0,1
16/03/2015 0:00,-0.006959859,1,1,0,0,0,0
17/03/2015 0:00,0.002784989,2,0,1,0,0,0
18/03/2015 0:00,0.011878432,3,0,0,1,0,0
19/03/2015 0:00,0.00859212,4,0,0,0,1,0
20/03/2015 0:00,0.001330153,5,0,0,0,0,1
23/03/2015 0:00,0.000861135,1,1,0,0,0,0
24/03/2015 0:00,-0.002712164,2,0,1,0,0,0
25/03/2015 0:00,-0.006580617,3,0,0,1,0,0
26/03/2015 0:00,-0.00505109,4,0,0,0,1,0
27/03/2015 0:00,-0.012069524,5,0,0,0,0,1
30/03/2015 0:00,0.001907998,1,1,0,0,0,0
31/03/2015 0:00,0.006758374,2,0,1,0,0,0
1/04/2015 0:00,-0.008251839,3,0,0,1,0,0
2/04/2015 0:00,0.009698658,4,0,0,0,1,0
7/04/2015 0:00,0.004321761,2,0,1,0,0,0
8/04/2015 0:00,-0.007279218,3,0,0,1,0,0
9/04/2015 0:00,-0.000410625,4,0,0,0,1,0
10/04/2015 0:00,0.005176789,5,0,0,0,0,1
13/04/2015 0:00,0.005063149,1,1,0,0,0,0
14/04/2015 0:00,-0.002516976,2,0,1,0,0,0
15/04/2015 0:00,-0.010651615,3,0,0,1,0,0
16/04/2015 0:00,0.012169862,4,0,0,0,1,0
17/04/2015 0:00,-0.008939244,5,0,0,0,0,1
20/04/2015 0:00,-0.001890848,1,1,0,0,0,0
21/04/2015 0:00,-0.00197719,2,0,1,0,0,0
22/04/2015 0:00,0.008254041,3,0,0,1,0,0
23/04/2015 0:00,0.019009905,4,0,0,0,1,0
24/04/2015 0:00,0.011749046,5,0,0,0,0,1
27/04/2015 0:00,0.006018186,1,1,0,0,0,0
28/04/2015 0:00,-0.00163473,2,0,1,0,0,0
29/04/2015 0:00,-0.010398536,3,0,0,1,0,0
30/04/2015 0:00,-0.003434026,4,0,0,0,1,0
1/05/2015 0:00,0,5,0,0,0,0,1
4/05/2015 0:00,0.002541585,1,1,0,0,0,0
5/05/2015 0:00,-0.00253343,2,0,1,0,0,0
6/05/2015 0:00,-0.000196523,3,0,0,1,0,0
7/05/2015 0:00,-0.011688283,4,0,0,0,1,0
8/05/2015 0:00,-0.00124874,5,0,0,0,0,1
11/05/2015 0:00,-0.002922164,1,1,0,0,0,0
12/05/2015 0:00,0.001758721,2,0,1,0,0,0
13/05/2015 0:00,0.004471045,3,0,0,1,0,0
14/05/2015 0:00,-0.011717809,4,0,0,0,1,0
15/05/2015 0:00,-0.003267236,5,0,0,0,0,1
18/05/2015 0:00,0.002774913,1,1,0,0,0,0
19/05/2015 0:00,0.011454938,2,0,1,0,0,0
20/05/2015 0:00,-0.00324295,3,0,0,1,0,0
21/05/2015 0:00,-0.011083038,4,0,0,0,1,0
22/05/2015 0:00,0.006269377,5,0,0,0,0,1
25/05/2015 0:00,0.000660665,1,1,0,0,0,0
26/05/2015 0:00,0.002510046,2,0,1,0,0,0
27/05/2015 0:00,0.002492378,3,0,0,1,0,0
28/05/2015 0:00,0.001989017,4,0,0,0,1,0
29/05/2015 0:00,-0.001212485,5,0,0,0,0,1
1/06/2015 0:00,-0.00780061,1,1,0,0,0,0
2/06/2015 0:00,-0.001188222,2,0,1,0,0,0
3/06/2015 0:00,-0.006023794,3,0,0,1,0,0
4/06/2015 0:00,-0.021993799,4,0,0,0,1,0
5/06/2015 0:00,-0.000909638,5,0,0,0,0,1
8/06/2015 0:00,0.003025335,1,1,0,0,0,0
9/06/2015 0:00,-0.019026082,2,0,1,0,0,0
10/06/2015 0:00,0.011533686,3,0,0,1,0,0
11/06/2015 0:00,0.000429035,4,0,0,0,1,0
12/06/2015 0:00,-6.03E-05,5,0,0,0,0,1
15/06/2015 0:00,-0.00457393,1,1,0,0,0,0
16/06/2015 0:00,-0.005056262,2,0,1,0,0,0
17/06/2015 0:00,-0.002494234,3,0,0,1,0,0
18/06/2015 0:00,0.003100799,4,0,0,0,1,0
22/06/2015 0:00,0.013297447,1,1,0,0,0,0
23/06/2015 0:00,0.005270963,2,0,1,0,0,0
24/06/2015 0:00,0.000656778,3,0,0,1,0,0
25/06/2015 0:00,0.008374717,4,0,0,0,1,0
26/06/2015 0:00,-0.0014541,5,0,0,0,0,1
29/06/2015 0:00,-0.024224373,1,1,0,0,0,0
30/06/2015 0:00,0.009366884,2,0,1,0,0,0
1/07/2015 0:00,0.005584595,3,0,0,1,0,0
2/07/2015 0:00,0.000427606,4,0,0,0,1,0
3/07/2015 0:00,-0.002242541,5,0,0,0,0,1
6/07/2015 0:00,-0.010988556,1,1,0,0,0,0
7/07/2015 0:00,-0.000626799,2,0,1,0,0,0
8/07/2015 0:00,-0.030074223,3,0,0,1,0,0
9/07/2015 0:00,-0.006928998,4,0,0,0,1,0
13/07/2015 0:00,0.013348728,1,1,0,0,0,0
14/07/2015 0:00,0.000867447,2,0,1,0,0,0
15/07/2015 0:00,0.00137494,3,0,0,1,0,0
16/07/2015 0:00,-0.001325151,4,0,0,0,1,0
17/07/2015 0:00,0.000416903,5,0,0,0,0,1
20/07/2015 0:00,-0.007877578,1,1,0,0,0,0
21/07/2015 0:00,0.003443642,2,0,1,0,0,0
22/07/2015 0:00,-0.009736358,3,0,0,1,0,0
23/07/2015 0:00,-0.014408084,4,0,0,0,1,0
24/07/2015 0:00,-0.002649331,5,0,0,0,0,1
27/07/2015 0:00,-0.024380575,1,1,0,0,0,0
28/07/2015 0:00,0.003011881,2,0,1,0,0,0
29/07/2015 0:00,-0.002217404,3,0,0,1,0,0
30/07/2015 0:00,0.010224883,4,0,0,0,1,0
31/07/2015 0:00,0.001599555,5,0,0,0,0,1
3/08/2015 0:00,-0.016397312,1,1,0,0,0,0
4/08/2015 0:00,-0.001590794,2,0,1,0,0,0
5/08/2015 0:00,0.003683689,3,0,0,1,0,0
6/08/2015 0:00,-0.010912407,4,0,0,0,1,0
7/08/2015 0:00,-0.000860715,5,0,0,0,0,1
10/08/2015 0:00,0.002903736,1,1,0,0,0,0
11/08/2015 0:00,-0.008623538,2,0,1,0,0,0
12/08/2015 0:00,-0.013282718,3,0,0,1,0,0
13/08/2015 0:00,0.003417918,4,0,0,0,1,0
14/08/2015 0:00,-0.000734242,5,0,0,0,0,1
17/08/2015 0:00,-0.011165367,1,1,0,0,0,0
18/08/2015 0:00,-0.004417127,2,0,1,0,0,0
19/08/2015 0:00,-0.019184463,3,0,0,1,0,0
20/08/2015 0:00,0.000993071,4,0,0,0,1,0
21/08/2015 0:00,-0.030715481,5,0,0,0,0,1
24/08/2015 0:00,-0.049569092,1,1,0,0,0,0
25/08/2015 0:00,0.035175394,2,0,1,0,0,0
26/08/2015 0:00,0.005191242,3,0,0,1,0,0
27/08/2015 0:00,0.014023265,4,0,0,0,1,0
28/08/2015 0:00,0.024569992,5,0,0,0,0,1
31/08/2015 0:00,0.019234727,1,1,0,0,0,0
1/09/2015 0:00,-0.019436778,2,0,1,0,0,0
2/09/2015 0:00,0.002208952,3,0,0,1,0,0
3/09/2015 0:00,0.007520865,4,0,0,0,1,0
4/09/2015 0:00,-0.01184741,5,0,0,0,0,1
7/09/2015 0:00,-0.001756415,1,1,0,0,0,0
8/09/2015 0:00,0.001868888,2,0,1,0,0,0
9/09/2015 0:00,0.035049335,3,0,0,1,0,0
10/09/2015 0:00,-0.002203513,4,0,0,0,1,0
11/09/2015 0:00,0.004481666,5,0,0,0,0,1
14/09/2015 0:00,0.000176936,1,1,0,0,0,0
15/09/2015 0:00,-0.005710042,2,0,1,0,0,0
16/09/2015 0:00,0.008834936,3,0,0,1,0,0
17/09/2015 0:00,0.013375414,4,0,0,0,1,0
18/09/2015 0:00,0.0019683,5,0,0,0,0,1
21/09/2015 0:00,-0.018498702,1,1,0,0,0,0
22/09/2015 0:00,0.007062948,2,0,1,0,0,0
23/09/2015 0:00,-0.020834918,3,0,0,1,0,0
24/09/2015 0:00,-0.008619517,4,0,0,0,1,0
25/09/2015 0:00,0.00113808,5,0,0,0,0,1
30/09/2015 0:00,0.00599381,3,0,0,1,0,0
1/10/2015 0:00,0.013922533,4,0,0,0,1,0
2/10/2015 0:00,0.001095098,5,0,0,0,0,1
5/10/2015 0:00,0.005682788,1,1,0,0,0,0
6/10/2015 0:00,0.004984856,2,0,1,0,0,0
7/10/2015 0:00,0.011975853,3,0,0,1,0,0
8/10/2015 0:00,-0.005816669,4,0,0,0,1,0
12/10/2015 0:00,0.015013463,1,1,0,0,0,0
13/10/2015 0:00,-0.000676692,2,0,1,0,0,0
14/10/2015 0:00,-0.005314116,3,0,0,1,0,0
15/10/2015 0:00,0.009228006,4,0,0,0,1,0
16/10/2015 0:00,0.000398764,5,0,0,0,0,1
19/10/2015 0:00,0.003080661,1,1,0,0,0,0
20/10/2015 0:00,0.002557072,2,0,1,0,0,0
21/10/2015 0:00,-0.005140436,3,0,0,1,0,0
22/10/2015 0:00,-8.95E-05,4,0,0,0,1,0
23/10/2015 0:00,0.007562655,5,0,0,0,0,1
26/10/2015 0:00,0.008215223,1,1,0,0,0,0
27/10/2015 0:00,-0.00504854,2,0,1,0,0,0
28/10/2015 0:00,-0.004068578,3,0,0,1,0,0
29/10/2015 0:00,-0.011012442,4,0,0,0,1,0
30/10/2015 0:00,-0.001958556,5,0,0,0,0,1
2/11/2015 0:00,0.007042918,1,1,0,0,0,0
3/11/2015 0:00,0.011359901,2,0,1,0,0,0
4/11/2015 0:00,0.016372293,3,0,0,1,0,0
5/11/2015 0:00,-0.000772549,4,0,0,0,1,0
6/11/2015 0:00,-0.017854055,5,0,0,0,0,1
9/11/2015 0:00,-0.005894075,1,1,0,0,0,0
10/11/2015 0:00,-0.012291643,2,0,1,0,0,0
11/11/2015 0:00,-0.014381002,3,0,0,1,0,0
12/11/2015 0:00,0.001553168,4,0,0,0,1,0
13/11/2015 0:00,-0.011766726,5,0,0,0,0,1
16/11/2015 0:00,-0.004102239,1,1,0,0,0,0
17/11/2015 0:00,0.014839742,2,0,1,0,0,0
18/11/2015 0:00,-0.009421396,3,0,0,1,0,0
19/11/2015 0:00,0.016260693,4,0,0,0,1,0
20/11/2015 0:00,-0.001387032,5,0,0,0,0,1
23/11/2015 0:00,0.002392787,1,1,0,0,0,0
24/11/2015 0:00,-0.010137654,2,0,1,0,0,0
25/11/2015 0:00,-0.001669194,3,0,0,1,0,0
26/11/2015 0:00,0.011709022,4,0,0,0,1,0
27/11/2015 0:00,-0.010246901,5,0,0,0,0,1
30/11/2015 0:00,-0.009305646,1,1,0,0,0,0
1/12/2015 0:00,0.017003534,2,0,1,0,0,0
2/12/2015 0:00,-0.000697301,3,0,0,1,0,0
3/12/2015 0:00,-0.000158551,4,0,0,0,1,0
4/12/2015 0:00,-0.006818315,5,0,0,0,0,1
7/12/2015 0:00,0.006606605,1,1,0,0,0,0
8/12/2015 0:00,-0.013145603,2,0,1,0,0,0
9/12/2015 0:00,-0.013786126,3,0,0,1,0,0
10/12/2015 0:00,-0.001635701,4,0,0,0,1,0
11/12/2015 0:00,-0.012280269,5,0,0,0,0,1
14/12/2015 0:00,-0.009374882,1,1,0,0,0,0
15/12/2015 0:00,0.004119523,2,0,1,0,0,0
16/12/2015 0:00,0.013693164,3,0,0,1,0,0
17/12/2015 0:00,0.016360892,4,0,0,0,1,0
18/12/2015 0:00,-0.007522464,5,0,0,0,0,1
21/12/2015 0:00,0.003004884,1,1,0,0,0,0
22/12/2015 0:00,0.00127546,2,0,1,0,0,0
23/12/2015 0:00,0.002764856,3,0,0,1,0,0
24/12/2015 0:00,0.00104088,4,0,0,0,1,0
25/12/2015 0:00,0.004664529,5,0,0,0,0,1
28/12/2015 0:00,-0.00057291,1,1,0,0,0,0
29/12/2015 0:00,-0.007756287,2,0,1,0,0,0
30/12/2015 0:00,-0.00167974,3,0,0,1,0,0
31/12/2015 0:00,0.006988735,4,0,0,0,1,0
4/01/2016 0:00,-0.027207545,1,1,0,0,0,0
5/01/2016 0:00,-0.004836504,2,0,1,0,0,0
6/01/2016 0:00,-0.010546888,3,0,0,1,0,0
7/01/2016 0:00,-0.017463662,4,0,0,0,1,0
8/01/2016 0:00,0.005323279,5,0,0,0,0,1
11/01/2016 0:00,-0.013461199,1,1,0,0,0,0
12/01/2016 0:00,-0.002567321,2,0,1,0,0,0
13/01/2016 0:00,0.007203193,3,0,0,1,0,0
14/01/2016 0:00,-0.010500181,4,0,0,0,1,0
15/01/2016 0:00,0.002467595,5,0,0,0,0,1
18/01/2016 0:00,0.006314772,1,1,0,0,0,0
19/01/2016 0:00,0.005578916,2,0,1,0,0,0
20/01/2016 0:00,-0.020028928,3,0,0,1,0,0
21/01/2016 0:00,-0.004570737,4,0,0,0,1,0
22/01/2016 0:00,0.011954653,5,0,0,0,0,1
25/01/2016 0:00,0.017631999,1,1,0,0,0,0
26/01/2016 0:00,-0.00832934,2,0,1,0,0,0
27/01/2016 0:00,0.002699259,3,0,0,1,0,0
28/01/2016 0:00,0.007016248,4,0,0,0,1,0
29/01/2016 0:00,0.021958006,5,0,0,0,0,1
1/02/2016 0:00,0.009405406,1,1,0,0,0,0
2/02/2016 0:00,-0.003158083,2,0,1,0,0,0
3/02/2016 0:00,-0.008427349,3,0,0,1,0,0
15/02/2016 0:00,0.000436271,1,1,0,0,0,0
16/02/2016 0:00,0.017884167,2,0,1,0,0,0
17/02/2016 0:00,0.00026539,3,0,0,1,0,0
18/02/2016 0:00,0.012150964,4,0,0,0,1,0
19/02/2016 0:00,0.00124643,5,0,0,0,0,1
22/02/2016 0:00,0.000196934,1,1,0,0,0,0
23/02/2016 0:00,0.000955502,2,0,1,0,0,0
24/02/2016 0:00,-0.00623192,3,0,0,1,0,0
25/02/2016 0:00,0.009970819,4,0,0,0,1,0
26/02/2016 0:00,0.005400234,5,0,0,0,0,1
1/03/2016 0:00,0.008821852,2,0,1,0,0,0
2/03/2016 0:00,0.006853845,3,0,0,1,0,0
3/03/2016 0:00,0.007897088,4,0,0,0,1,0
4/03/2016 0:00,0.003681156,5,0,0,0,0,1
7/03/2016 0:00,0.00184938,1,1,0,0,0,0
8/03/2016 0:00,0.000549504,2,0,1,0,0,0
9/03/2016 0:00,-0.003491562,3,0,0,1,0,0
10/03/2016 0:00,0.003074895,4,0,0,0,1,0
11/03/2016 0:00,0.00523291,5,0,0,0,0,1
14/03/2016 0:00,0.004785233,1,1,0,0,0,0
15/03/2016 0:00,-0.015752393,2,0,1,0,0,0
16/03/2016 0:00,0.010162807,3,0,0,1,0,0
17/03/2016 0:00,0.004061155,4,0,0,0,1,0
18/03/2016 0:00,0.008682738,5,0,0,0,0,1
21/03/2016 0:00,0.000225863,1,1,0,0,0,0
22/03/2016 0:00,-0.003070797,2,0,1,0,0,0
23/03/2016 0:00,-0.002232237,3,0,0,1,0,0
24/03/2016 0:00,-0.002594022,4,0,0,0,1,0
25/03/2016 0:00,-0.004402734,5,0,0,0,0,1
28/03/2016 0:00,-0.001669351,1,1,0,0,0,0
29/03/2016 0:00,-0.008447177,2,0,1,0,0,0
30/03/2016 0:00,0.013793897,3,0,0,1,0,0
31/03/2016 0:00,0.000891213,4,0,0,0,1,0
1/04/2016 0:00,-0.010030927,5,0,0,0,0,1
6/04/2016 0:00,-0.016802126,3,0,0,1,0,0
7/04/2016 0:00,-0.002711177,4,0,0,0,1,0
8/04/2016 0:00,0.00601819,5,0,0,0,0,1
11/04/2016 0:00,0.00246606,1,1,0,0,0,0
12/04/2016 0:00,-0.003675046,2,0,1,0,0,0
13/04/2016 0:00,0.014072113,3,0,0,1,0,0
14/04/2016 0:00,0.001804859,4,0,0,0,1,0
15/04/2016 0:00,0.00376319,5,0,0,0,0,1
18/04/2016 0:00,-0.003959362,1,1,0,0,0,0
19/04/2016 0:00,-0.003733015,2,0,1,0,0,0
20/04/2016 0:00,-0.013907136,3,0,0,1,0,0
21/04/2016 0:00,0.006341941,4,0,0,0,1,0
22/04/2016 0:00,-0.003847014,5,0,0,0,0,1
25/04/2016 0:00,0.002869706,1,1,0,0,0,0
26/04/2016 0:00,0.002483985,2,0,1,0,0,0
27/04/2016 0:00,-0.002160505,3,0,0,1,0,0
28/04/2016 0:00,-0.010469087,4,0,0,0,1,0
29/04/2016 0:00,-0.011389992,5,0,0,0,0,1
3/05/2016 0:00,-0.010050489,2,0,1,0,0,0
4/05/2016 0:00,-0.013186187,3,0,0,1,0,0
5/05/2016 0:00,-0.002141479,4,0,0,0,1,0
6/05/2016 0:00,-0.002639363,5,0,0,0,0,1
9/05/2016 0:00,-0.001793816,1,1,0,0,0,0
10/05/2016 0:00,0.003003413,2,0,1,0,0,0
11/05/2016 0:00,-0.00254483,3,0,0,1,0,0
12/05/2016 0:00,-0.003387213,4,0,0,0,1,0
13/05/2016 0:00,-0.006727007,5,0,0,0,0,1
16/05/2016 0:00,0.001725688,1,1,0,0,0,0
17/05/2016 0:00,0.008993092,2,0,1,0,0,0
18/05/2016 0:00,0.00235583,3,0,0,1,0,0
19/05/2016 0:00,-0.007837334,4,0,0,0,1,0
20/05/2016 0:00,0.004348225,5,0,0,0,0,1
23/05/2016 0:00,0.025879636,1,1,0,0,0,0
24/05/2016 0:00,-0.005260452,2,0,1,0,0,0
25/05/2016 0:00,0.011444197,3,0,0,1,0,0
26/05/2016 0:00,-0.000247771,4,0,0,0,1,0
27/05/2016 0:00,0.008244363,5,0,0,0,0,1
30/05/2016 0:00,0.00850146,1,1,0,0,0,0
31/05/2016 0:00,-3.28E-05,2,0,1,0,0,0
1/06/2016 0:00,0.007187472,3,0,0,1,0,0
2/06/2016 0:00,-0.00479686,4,0,0,0,1,0
3/06/2016 0:00,0.003656322,5,0,0,0,0,1
6/06/2016 0:00,0.001135342,1,1,0,0,0,0
7/06/2016 0:00,0.009583912,2,0,1,0,0,0
8/06/2016 0:00,0.004090756,3,0,0,1,0,0
13/06/2016 0:00,-0.020781719,1,1,0,0,0,0
14/06/2016 0:00,0.004663356,2,0,1,0,0,0
15/06/2016 0:00,0.00352103,3,0,0,1,0,0
16/06/2016 0:00,-0.013126168,4,0,0,0,1,0
17/06/2016 0:00,0.008667207,5,0,0,0,0,1
20/06/2016 0:00,0.006727936,1,1,0,0,0,0
21/06/2016 0:00,0.006808469,2,0,1,0,0,0
22/06/2016 0:00,0.003609016,3,0,0,1,0,0
23/06/2016 0:00,-0.004550169,4,0,0,0,1,0
24/06/2016 0:00,-0.023283469,5,0,0,0,0,1
27/06/2016 0:00,-0.002139853,1,1,0,0,0,0
28/06/2016 0:00,0.005498552,2,0,1,0,0,0
29/06/2016 0:00,0.009483979,3,0,0,1,0,0
30/06/2016 0:00,0.009276118,4,0,0,0,1,0
1/07/2016 0:00,0.008234565,5,0,0,0,0,1
4/07/2016 0:00,0.002553299,1,1,0,0,0,0
5/07/2016 0:00,-0.005093638,2,0,1,0,0,0
6/07/2016 0:00,-0.016230031,3,0,0,1,0,0
7/07/2016 0:00,0.007569467,4,0,0,0,1,0
8/07/2016 0:00,0,5,0,0,0,0,1
11/07/2016 0:00,0.016705088,1,1,0,0,0,0
12/07/2016 0:00,0.00623901,2,0,1,0,0,0
13/07/2016 0:00,0.001840765,3,0,0,1,0,0
14/07/2016 0:00,0.000971598,4,0,0,0,1,0
15/07/2016 0:00,0.009372349,5,0,0,0,0,1
18/07/2016 0:00,0.006499651,1,1,0,0,0,0
19/07/2016 0:00,0.002955169,2,0,1,0,0,0
20/07/2016 0:00,-0.003014036,3,0,0,1,0,0
21/07/2016 0:00,0.005411797,4,0,0,0,1,0
22/07/2016 0:00,-0.004805836,5,0,0,0,0,1
25/07/2016 0:00,-0.002384889,1,1,0,0,0,0
26/07/2016 0:00,0.003676655,2,0,1,0,0,0
27/07/2016 0:00,0.004267944,3,0,0,1,0,0
28/07/2016 0:00,0.001460858,4,0,0,0,1,0
29/07/2016 0:00,-0.010213171,5,0,0,0,0,1
1/08/2016 0:00,0.010661509,1,1,0,0,0,0
2/08/2016 0:00,-0.001316865,2,0,1,0,0,0
3/08/2016 0:00,-0.00742096,3,0,0,1,0,0
4/08/2016 0:00,0.002551811,4,0,0,0,1,0
5/08/2016 0:00,0.007441751,5,0,0,0,0,1
8/08/2016 0:00,0.006374151,1,1,0,0,0,0
9/08/2016 0:00,0.000526656,2,0,1,0,0,0
10/08/2016 0:00,0.004940202,3,0,0,1,0,0
11/08/2016 0:00,-0.007483005,4,0,0,0,1,0
12/08/2016 0:00,0.002030342,5,0,0,0,0,1
15/08/2016 0:00,-0.000205464,1,1,0,0,0,0
16/08/2016 0:00,-0.004178733,2,0,1,0,0,0
17/08/2016 0:00,0.000805335,3,0,0,1,0,0
18/08/2016 0:00,0.000526289,4,0,0,0,1,0
19/08/2016 0:00,-0.009718817,5,0,0,0,0,1
22/08/2016 0:00,-0.005823699,1,1,0,0,0,0
23/08/2016 0:00,0.005453944,2,0,1,0,0,0
24/08/2016 0:00,-0.001501504,3,0,0,1,0,0
25/08/2016 0:00,0.010819127,4,0,0,0,1,0
26/08/2016 0:00,0.001781097,5,0,0,0,0,1
29/08/2016 0:00,-0.002362674,1,1,0,0,0,0
30/08/2016 0:00,4.28E-05,2,0,1,0,0,0
31/08/2016 0:00,-0.004588652,3,0,0,1,0,0
1/09/2016 0:00,-0.007493031,4,0,0,0,1,0
2/09/2016 0:00,-0.001512126,5,0,0,0,0,1
5/09/2016 0:00,0.011348932,1,1,0,0,0,0
6/09/2016 0:00,0.01003947,2,0,1,0,0,0
7/09/2016 0:00,0.008374979,3,0,0,1,0,0
8/09/2016 0:00,0.000412412,4,0,0,0,1,0
9/09/2016 0:00,-0.010637282,5,0,0,0,0,1
12/09/2016 0:00,-0.024053836,1,1,0,0,0,0
13/09/2016 0:00,-0.000696504,2,0,1,0,0,0
14/09/2016 0:00,-0.004318786,3,0,0,1,0,0
19/09/2016 0:00,0.027758923,1,1,0,0,0,0
20/09/2016 0:00,0.00095009,2,0,1,0,0,0
21/09/2016 0:00,0.00727786,3,0,0,1,0,0
22/09/2016 0:00,0.00073222,4,0,0,0,1,0
23/09/2016 0:00,0.005330539,5,0,0,0,0,1
26/09/2016 0:00,-0.009751677,1,1,0,0,0,0
29/09/2016 0:00,0.008272901,4,0,0,0,1,0
30/09/2016 0:00,-0.011286831,5,0,0,0,0,1
3/10/2016 0:00,0.007320331,1,1,0,0,0,0
4/10/2016 0:00,0.005784426,2,0,1,0,0,0
5/10/2016 0:00,-0.001669097,3,0,0,1,0,0
6/10/2016 0:00,0.001296499,4,0,0,0,1,0
7/10/2016 0:00,-0.001994597,5,0,0,0,0,1
11/10/2016 0:00,-0.004975687,2,0,1,0,0,0
12/10/2016 0:00,0.003549002,3,0,0,1,0,0
13/10/2016 0:00,-0.003619547,4,0,0,0,1,0
14/10/2016 0:00,-0.005874582,5,0,0,0,0,1
17/10/2016 0:00,0.001204904,1,1,0,0,0,0
18/10/2016 0:00,0.005039508,2,0,1,0,0,0
19/10/2016 0:00,0.006636603,3,0,0,1,0,0
20/10/2016 0:00,0.003575036,4,0,0,0,1,0
21/10/2016 0:00,-0.001145837,5,0,0,0,0,1
24/10/2016 0:00,0.001710197,1,1,0,0,0,0
25/10/2016 0:00,0.006751136,2,0,1,0,0,0
26/10/2016 0:00,-0.002496322,3,0,0,1,0,0
27/10/2016 0:00,-0.006719655,4,0,0,0,1,0
28/10/2016 0:00,0.00079221,5,0,0,0,0,1
31/10/2016 0:00,-0.001806719,1,1,0,0,0,0
1/11/2016 0:00,-0.001876862,2,0,1,0,0,0
2/11/2016 0:00,-0.014519269,3,0,0,1,0,0
3/11/2016 0:00,-0.007884176,4,0,0,0,1,0
4/11/2016 0:00,9.71E-05,5,0,0,0,0,1
7/11/2016 0:00,0.013330192,1,1,0,0,0,0
8/11/2016 0:00,0.002997714,2,0,1,0,0,0
9/11/2016 0:00,-0.030202734,3,0,0,1,0,0
10/11/2016 0:00,0.023098579,4,0,0,0,1,0
11/11/2016 0:00,-0.021471899,5,0,0,0,0,1
14/11/2016 0:00,-0.001939795,1,1,0,0,0,0
15/11/2016 0:00,-0.001048614,2,0,1,0,0,0
16/11/2016 0:00,0.003486173,3,0,0,1,0,0
17/11/2016 0:00,0.003679812,4,0,0,0,1,0
18/11/2016 0:00,0.001503026,5,0,0,0,0,1
21/11/2016 0:00,0.003581222,1,1,0,0,0,0
22/11/2016 0:00,0.010154897,2,0,1,0,0,0
23/11/2016 0:00,0.004897536,3,0,0,1,0,0
24/11/2016 0:00,-0.002849934,4,0,0,0,1,0
25/11/2016 0:00,0.000760187,5,0,0,0,0,1
28/11/2016 0:00,0.006873304,1,1,0,0,0,0
29/11/2016 0:00,-0.003242461,2,0,1,0,0,0
30/11/2016 0:00,0.005243851,3,0,0,1,0,0
1/12/2016 0:00,0.002466497,4,0,0,0,1,0
2/12/2016 0:00,-0.00802475,5,0,0,0,0,1
5/12/2016 0:00,-0.00314222,1,1,0,0,0,0
6/12/2016 0:00,0.009788495,2,0,1,0,0,0
7/12/2016 0:00,0.001417626,3,0,0,1,0,0
8/12/2016 0:00,0.01201433,4,0,0,0,1,0
9/12/2016 0:00,0.001792291,5,0,0,0,0,1
12/12/2016 0:00,-0.004560657,1,1,0,0,0,0
13/12/2016 0:00,0.003437872,2,0,1,0,0,0
14/12/2016 0:00,-0.001452762,3,0,0,1,0,0
15/12/2016 0:00,-0.000872442,4,0,0,0,1,0
16/12/2016 0:00,-0.00359278,5,0,0,0,0,1
19/12/2016 0:00,-0.009421538,1,1,0,0,0,0
20/12/2016 0:00,0.000334367,2,0,1,0,0,0
21/12/2016 0:00,-0.004136296,3,0,0,1,0,0
22/12/2016 0:00,-0.009333662,4,0,0,0,1,0
23/12/2016 0:00,-0.00440837,5,0,0,0,0,1
26/12/2016 0:00,0.003507626,1,1,0,0,0,0
27/12/2016 0:00,-0.000138928,2,0,1,0,0,0
28/12/2016 0:00,0.010063164,3,0,0,1,0,0
29/12/2016 0:00,-0.005264179,4,0,0,0,1,0
30/12/2016 0:00,0.010910348,5,0,0,0,0,1
